,Rank,Target sequence,Genomic location,Strand,GC content (%),Self-complementarity,MM0,MM1,MM2,MM3,Efficiency,Region,Name
0,1,AACGCGCACGGAAATAACCG,BA000036.3:6525,-,55,,0,0,0,0,0.87,BA000036.3:6529-6530,Cgl0006_1176_G_A_sub
1,2,CTGTCGTGAAGGCCTGTCCG,BA000036.3:6508,+,65,,0,0,0,0,0.63,BA000036.3:6529-6530,Cgl0006_1176_G_A_sub
2,3,GCGGTTATTTCCGTGCGCGT,BA000036.3:6527,+,60,,0,0,0,0,0.25,BA000036.3:6529-6530,Cgl0006_1176_G_A_sub
3,4,GCACGGAAATAACCGCGGAC,BA000036.3:6520,-,60,,0,0,0,0,0.22,BA000036.3:6529-6530,Cgl0006_1176_G_A_sub
0,1,ACCACCACTTTGCAGACGGA,BA000036.3:1514079,-,55,,0,0,0,0,0.65,BA000036.3:1514089-1514092,Cgl1436_1113_CAA_del
1,2,CATCACCACCACTTTGCAGA,BA000036.3:1514083,-,50,,0,0,0,0,0.42,BA000036.3:1514089-1514092,Cgl1436_1113_CAA_del
2,3,ACCCTCCGTCTGCAAAGTGG,BA000036.3:1514078,+,60,,0,0,0,0,0.34,BA000036.3:1514089-1514092,Cgl1436_1113_CAA_del
3,4,CAGACCCTCCGTCTGCAAAG,BA000036.3:1514075,+,60,,0,0,0,0,0.32,BA000036.3:1514089-1514092,Cgl1436_1113_CAA_del
4,5,AAAGTGGTGGTGATGCGCTT,BA000036.3:1514091,+,50,,0,0,0,0,0.18,BA000036.3:1514089-1514092,Cgl1436_1113_CAA_del
5,6,CACCACCACTTTGCAGACGG,BA000036.3:1514080,-,60,,0,0,0,0,0.09,BA000036.3:1514089-1514092,Cgl1436_1113_CAA_del
6,7,AAGTGGTGGTGATGCGCTTC,BA000036.3:1514092,+,55,,0,0,0,0,0.0,BA000036.3:1514089-1514092,Cgl1436_1113_CAA_del
0,1,GTCGGCATGACGGAAATTTC,BA000036.3:2484875,-,50,,0,0,0,0,0.1,BA000036.3:2484874-2484875,Cgl2342_213_GCA_ins
0,1,AGAAGAAGTCAATAAGATTA,BA000036.3:1899005,-,25,,0,0,0,0,0.13,BA000036.3:1899017-1899020,Cgl1790_1647_TCC_sub
0,1,GAAGAATCAGAAGGTGGCTA,BA000036.3:1454420,+,45,,0,0,0,0,0.23,BA000036.3:1454441-1454459,Cgl1386_327_18to15_sub
0,1,GCTTCCCAGGTTACGCGCAG,BA000036.3:604447,-,65,,0,0,0,0,0.4,BA000036.3:604469-604470,Cgl0591_-1_Ppgk_promoter_ins
1,2,GGAAGCATGACTAAAACACT,BA000036.3:604464,+,40,,0,0,0,0,0.33,BA000036.3:604469-604470,Cgl0591_-1_Ppgk_promoter_ins
2,3,TGCTTCCCAGGTTACGCGCA,BA000036.3:604448,-,60,,0,0,0,0,0.3,BA000036.3:604469-604470,Cgl0591_-1_Ppgk_promoter_ins
3,4,ATGCTTCCCAGGTTACGCGC,BA000036.3:604449,-,60,,0,0,0,0,0.1,BA000036.3:604469-604470,Cgl0591_-1_Ppgk_promoter_ins
4,5,GTGTTTTAGTCATGCTTCCC,BA000036.3:604460,-,45,,0,0,0,0,0.04,BA000036.3:604469-604470,Cgl0591_-1_Ppgk_promoter_ins
0,1,GCTGGCGGATTAACACACCG,BA000036.3:155235,+,60,,0,0,0,0,0.9,BA000036.3:153222-155613,Cgl0141_cds_del
1,2,GCAGTTTCAATATCTGGCCA,BA000036.3:153668,+,45,,0,0,0,0,0.86,BA000036.3:153222-155613,Cgl0141_cds_del
2,3,TGATCAGTCCTGTCATGCCG,BA000036.3:154626,+,55,,0,0,0,0,0.84,BA000036.3:153222-155613,Cgl0141_cds_del
3,4,TATTGTTTAGTCGTGTTCCG,BA000036.3:153603,+,40,,0,0,0,0,0.84,BA000036.3:153222-155613,Cgl0141_cds_del
4,5,TTCCGTTGACAAAAATCGCG,BA000036.3:153885,+,45,,0,0,0,0,0.84,BA000036.3:153222-155613,Cgl0141_cds_del
5,6,AAATTCATCCACGAACACCG,BA000036.3:153695,-,45,,0,0,0,0,0.81,BA000036.3:153222-155613,Cgl0141_cds_del
6,7,TCCCACCTATCCGTACCCAG,BA000036.3:153509,-,60,,0,0,0,0,0.8,BA000036.3:153222-155613,Cgl0141_cds_del
7,8,GCTGCATTCCCGCAGCTCAT,BA000036.3:154100,-,60,,0,0,0,0,0.8,BA000036.3:153222-155613,Cgl0141_cds_del
8,9,TATCTGGCCAGGGTTCGCCA,BA000036.3:153678,+,60,,0,0,0,0,0.78,BA000036.3:153222-155613,Cgl0141_cds_del
9,10,GTGGTGTCCGAAAACCCGCA,BA000036.3:154223,-,60,,0,0,0,0,0.78,BA000036.3:153222-155613,Cgl0141_cds_del
10,11,ACAATCCGCAAAAATCTTGG,BA000036.3:154245,-,40,,0,0,0,0,0.76,BA000036.3:153222-155613,Cgl0141_cds_del
11,12,CAGATCTCAAAGATGCCGAA,BA000036.3:154015,-,45,,0,0,0,0,0.66,BA000036.3:153222-155613,Cgl0141_cds_del
12,13,ATCGTCCTCTGAAATGCGGG,BA000036.3:153940,+,55,,0,0,0,0,0.65,BA000036.3:153222-155613,Cgl0141_cds_del
13,14,TTTCTGGTGTCACAAATCGT,BA000036.3:154497,+,40,,0,0,0,0,0.65,BA000036.3:153222-155613,Cgl0141_cds_del
14,15,TCCCCATTGGGCGAGCCAGA,BA000036.3:154447,+,65,,0,0,0,0,0.65,BA000036.3:153222-155613,Cgl0141_cds_del
15,16,GTTCGTGGATGAATTTCAGT,BA000036.3:153702,+,40,,0,0,0,0,0.65,BA000036.3:153222-155613,Cgl0141_cds_del
16,17,ACACCTTTTGCATTGAGGCG,BA000036.3:154964,+,50,,0,0,0,0,0.64,BA000036.3:153222-155613,Cgl0141_cds_del
17,18,AGTCGGTGCTGATTCCCGCT,BA000036.3:153494,+,60,,0,0,0,0,0.63,BA000036.3:153222-155613,Cgl0141_cds_del
18,19,AGATGTTAGCTACTAATGGG,BA000036.3:155439,+,40,,0,0,0,0,0.6,BA000036.3:153222-155613,Cgl0141_cds_del
19,20,CAACCGACGCAGGTGCCAAA,BA000036.3:154152,+,60,,0,0,0,0,0.6,BA000036.3:153222-155613,Cgl0141_cds_del
20,21,GCCGGTACCCCAAACACCCG,BA000036.3:153277,-,70,,0,0,0,0,0.59,BA000036.3:153222-155613,Cgl0141_cds_del
21,22,TTTCATCTCCTGTCACCTGC,BA000036.3:153377,-,50,,0,0,0,0,0.59,BA000036.3:153222-155613,Cgl0141_cds_del
22,23,CAAGTCCGTGCAGAAATGCG,BA000036.3:153299,-,55,,0,0,0,0,0.59,BA000036.3:153222-155613,Cgl0141_cds_del
23,24,CTGAAATGCGGGCGGCGGCG,BA000036.3:153948,+,75,,0,0,0,0,0.59,BA000036.3:153222-155613,Cgl0141_cds_del
24,25,CGAGTCTGCGAGCTGCTGCT,BA000036.3:155346,+,65,,0,0,0,0,0.58,BA000036.3:153222-155613,Cgl0141_cds_del
25,26,ATTCCACTTCTCCGACAAAG,BA000036.3:153738,-,45,,0,0,0,0,0.57,BA000036.3:153222-155613,Cgl0141_cds_del
26,27,GGAGCATAAGAAATGTCTAA,BA000036.3:154997,+,35,,0,0,0,0,0.56,BA000036.3:153222-155613,Cgl0141_cds_del
27,28,GATTGTTTCCGAGGCTTCGG,BA000036.3:153793,+,55,,0,0,0,0,0.55,BA000036.3:153222-155613,Cgl0141_cds_del
28,29,AGGTGCCGTTACTAAAACCT,BA000036.3:155383,+,45,,0,0,0,0,0.55,BA000036.3:153222-155613,Cgl0141_cds_del
29,30,ATTGTTTCCGAGGCTTCGGC,BA000036.3:153794,+,55,,0,0,0,0,0.54,BA000036.3:153222-155613,Cgl0141_cds_del
30,31,GGGGGTCATAAATTGCACGT,BA000036.3:155254,+,50,,0,0,0,0,0.54,BA000036.3:153222-155613,Cgl0141_cds_del
31,32,GTTGTGACGGTGCGAGGGCG,BA000036.3:154758,+,70,,0,0,0,0,0.53,BA000036.3:153222-155613,Cgl0141_cds_del
32,33,GCTTCAGCAGGCCAACGCGC,BA000036.3:154586,-,70,,0,0,0,0,0.53,BA000036.3:153222-155613,Cgl0141_cds_del
33,34,GTGAAATTACAAGAATGCTT,BA000036.3:153440,-,30,,0,0,0,0,0.52,BA000036.3:153222-155613,Cgl0141_cds_del
34,35,TTAAACAACCCAGAATTACC,BA000036.3:155210,-,35,,0,0,0,0,0.51,BA000036.3:153222-155613,Cgl0141_cds_del
35,36,GCCTGGAGTTCGCATCGTGG,BA000036.3:154686,-,65,,0,0,0,0,0.51,BA000036.3:153222-155613,Cgl0141_cds_del
36,37,GTCGATTCCGCCTTTGGCAA,BA000036.3:153763,+,55,,0,0,0,0,0.5,BA000036.3:153222-155613,Cgl0141_cds_del
37,38,TCCGTTGACAAAAATCGCGC,BA000036.3:153886,+,50,,0,0,0,0,0.49,BA000036.3:153222-155613,Cgl0141_cds_del
38,39,AAGCATTCCTAGCAGTAGAT,BA000036.3:155140,+,40,,0,0,0,0,0.48,BA000036.3:153222-155613,Cgl0141_cds_del
39,40,GCTCGGACGGCCACACGACG,BA000036.3:155363,+,75,,0,0,0,0,0.48,BA000036.3:153222-155613,Cgl0141_cds_del
40,41,GCGCTGAGTTGAGGGCAGAG,BA000036.3:154289,+,65,,0,0,0,0,0.46,BA000036.3:153222-155613,Cgl0141_cds_del
41,42,GGTGGTGTCCGAAAACCCGC,BA000036.3:154224,-,65,,0,0,0,0,0.46,BA000036.3:153222-155613,Cgl0141_cds_del
42,43,CTGCTGTTGTGACGGTGCGA,BA000036.3:154753,+,60,,0,0,0,0,0.46,BA000036.3:153222-155613,Cgl0141_cds_del
43,44,TCAAGAAGCGGTAAATCCGC,BA000036.3:154418,+,50,,0,0,0,0,0.46,BA000036.3:153222-155613,Cgl0141_cds_del
44,45,ATCGGCCGAAAAATAGACAA,BA000036.3:154082,-,40,,0,0,0,0,0.45,BA000036.3:153222-155613,Cgl0141_cds_del
45,46,GCCAAGTCCGTGCAGAAATG,BA000036.3:153301,-,55,,0,0,0,0,0.45,BA000036.3:153222-155613,Cgl0141_cds_del
46,47,GAGCTGGCGGATTAACACAC,BA000036.3:155233,+,55,,0,0,0,0,0.44,BA000036.3:153222-155613,Cgl0141_cds_del
47,48,TGATGGCAGAATTTTGTGAG,BA000036.3:153972,+,40,,0,0,0,0,0.43,BA000036.3:153222-155613,Cgl0141_cds_del
48,49,TGAGGGATAATATTTTCTAC,BA000036.3:155540,+,30,,0,0,0,0,0.42,BA000036.3:153222-155613,Cgl0141_cds_del
49,50,GGTGTCCGAAAACCCGCAGG,BA000036.3:154221,-,65,,0,0,0,0,0.42,BA000036.3:153222-155613,Cgl0141_cds_del
50,51,CCAGAAACTACGCAGGTCAT,BA000036.3:153337,+,50,,0,0,0,0,0.41,BA000036.3:153222-155613,Cgl0141_cds_del
51,52,CTTTGAGATCTGAATCCATG,BA000036.3:154026,+,40,,0,0,0,0,0.41,BA000036.3:153222-155613,Cgl0141_cds_del
52,53,GATCAATTTCACGCACACCT,BA000036.3:154860,+,45,,0,0,0,0,0.41,BA000036.3:153222-155613,Cgl0141_cds_del
53,54,GAAGAATCCCCGCAGCTCTG,BA000036.3:153413,-,60,,0,0,0,0,0.41,BA000036.3:153222-155613,Cgl0141_cds_del
54,55,ATAATCACAGCGCCGATGCC,BA000036.3:155192,+,55,,0,0,0,0,0.41,BA000036.3:153222-155613,Cgl0141_cds_del
55,56,AGCCAGCTCGGAACAAAAGT,BA000036.3:155309,-,50,,0,0,0,0,0.4,BA000036.3:153222-155613,Cgl0141_cds_del
56,57,ACCGGCCCCGCATTTCTGCA,BA000036.3:153294,+,65,,0,0,0,0,0.4,BA000036.3:153222-155613,Cgl0141_cds_del
57,58,GATCACCAGCAGTTGCGCGC,BA000036.3:154608,-,65,,0,0,0,0,0.4,BA000036.3:153222-155613,Cgl0141_cds_del
58,59,TGCAGCAACGGAGATCCATT,BA000036.3:154000,+,50,,0,0,0,0,0.39,BA000036.3:153222-155613,Cgl0141_cds_del
59,60,TCAACGGAAAAGTCCAAGCC,BA000036.3:153871,-,50,,0,0,0,0,0.39,BA000036.3:153222-155613,Cgl0141_cds_del
60,61,AGTTAGGGAGCTTTCCGCAA,BA000036.3:154711,+,50,,0,0,0,0,0.39,BA000036.3:153222-155613,Cgl0141_cds_del
61,62,TTATTTGTCCTGGTCCTTCA,BA000036.3:154554,+,40,,0,0,0,0,0.38,BA000036.3:153222-155613,Cgl0141_cds_del
62,63,TTGCATTGAGGCGAGGCGCG,BA000036.3:154971,+,65,,0,0,0,0,0.38,BA000036.3:153222-155613,Cgl0141_cds_del
63,64,TGGTGTCCGAAAACCCGCAG,BA000036.3:154222,-,60,,0,0,0,0,0.38,BA000036.3:153222-155613,Cgl0141_cds_del
64,65,TGCCTGATGAATAATCTAGT,BA000036.3:153477,+,35,,0,0,0,0,0.38,BA000036.3:153222-155613,Cgl0141_cds_del
65,66,GAAGTGGGAGAAGTCTTCTT,BA000036.3:154519,+,45,,0,0,0,0,0.38,BA000036.3:153222-155613,Cgl0141_cds_del
66,67,CGGTTGGAAAAGCGAGTGCG,BA000036.3:154135,-,60,,0,0,0,0,0.37,BA000036.3:153222-155613,Cgl0141_cds_del
67,68,AGGTCATCGGTAACTGCAAG,BA000036.3:153350,+,50,,0,0,0,0,0.37,BA000036.3:153222-155613,Cgl0141_cds_del
68,69,GCCACAGCCCTTGCCAAAGG,BA000036.3:153770,-,65,,0,0,0,0,0.36,BA000036.3:153222-155613,Cgl0141_cds_del
69,70,GGCTGTGGCGATTGTTTCCG,BA000036.3:153784,+,60,,0,0,0,0,0.36,BA000036.3:153222-155613,Cgl0141_cds_del
70,71,ACTGCAAGAGGTCTTCCCGC,BA000036.3:153362,+,60,,0,0,0,0,0.36,BA000036.3:153222-155613,Cgl0141_cds_del
71,72,TGGCATCGTCCTCTGAAATG,BA000036.3:153936,+,50,,0,0,0,0,0.36,BA000036.3:153222-155613,Cgl0141_cds_del
72,73,CATTGTCTCCACTCCCGTTG,BA000036.3:154725,-,55,,0,0,0,0,0.35,BA000036.3:153222-155613,Cgl0141_cds_del
73,74,GCGCCTCGCCTCAATGCAAA,BA000036.3:154967,-,60,,0,0,0,0,0.35,BA000036.3:153222-155613,Cgl0141_cds_del
74,75,CGGGGGTCATAAATTGCACG,BA000036.3:155253,+,55,,0,0,0,0,0.34,BA000036.3:153222-155613,Cgl0141_cds_del
75,76,CAATTTCTGGAGATAACCAC,BA000036.3:153636,+,40,,0,0,0,0,0.34,BA000036.3:153222-155613,Cgl0141_cds_del
76,77,GATTCCCGCTGGGTACGGAT,BA000036.3:153504,+,60,,0,0,0,0,0.34,BA000036.3:153222-155613,Cgl0141_cds_del
77,78,CTGGGTTGTTTAAGAGCTGG,BA000036.3:155220,+,50,,0,0,0,0,0.34,BA000036.3:153222-155613,Cgl0141_cds_del
78,79,ATGAGCACGCTCAAATCGCT,BA000036.3:154832,-,50,,0,0,0,0,0.34,BA000036.3:153222-155613,Cgl0141_cds_del
79,80,GCGAGTGCGGGGCAAATCGT,BA000036.3:154124,-,65,,0,0,0,0,0.34,BA000036.3:153222-155613,Cgl0141_cds_del
80,81,GGCCAGACCAGAAACTACGC,BA000036.3:153330,+,60,,0,0,0,0,0.33,BA000036.3:153222-155613,Cgl0141_cds_del
81,82,GCGATTCTTGGTGCGCGCAG,BA000036.3:153229,+,65,,0,0,0,0,0.33,BA000036.3:153222-155613,Cgl0141_cds_del
82,83,TGAATCCATGAGGCGTGCGC,BA000036.3:154036,+,60,,0,0,0,0,0.33,BA000036.3:153222-155613,Cgl0141_cds_del
83,84,GGAGAATACCTTTTAGCCAG,BA000036.3:154061,-,45,,0,0,0,0,0.32,BA000036.3:153222-155613,Cgl0141_cds_del
84,85,AGTAACGGCACCTCGTCGTG,BA000036.3:155373,-,60,,0,0,0,0,0.32,BA000036.3:153222-155613,Cgl0141_cds_del
85,86,CGCCGCCGCCCGCATTTCAG,BA000036.3:153945,-,75,,0,0,0,0,0.32,BA000036.3:153222-155613,Cgl0141_cds_del
86,87,AAGTTGGTTGCTTCAGGCCA,BA000036.3:153548,+,50,,0,0,0,0,0.32,BA000036.3:153222-155613,Cgl0141_cds_del
87,88,ACAACCCGACAAGCGTGAAG,BA000036.3:154185,-,55,,0,0,0,0,0.31,BA000036.3:153222-155613,Cgl0141_cds_del
88,89,TCGCCGTTTGGCACCTGCGT,BA000036.3:154155,-,65,,0,0,0,0,0.31,BA000036.3:153222-155613,Cgl0141_cds_del
89,90,GAAATTGAGGCGCTCAGCCA,BA000036.3:153620,-,55,,0,0,0,0,0.31,BA000036.3:153222-155613,Cgl0141_cds_del
90,91,GCGAACTCCAGGCACAGTTA,BA000036.3:154696,+,55,,0,0,0,0,0.31,BA000036.3:153222-155613,Cgl0141_cds_del
91,92,ACCCGCGCGATTTTTGTCAA,BA000036.3:153887,-,50,,0,0,0,0,0.31,BA000036.3:153222-155613,Cgl0141_cds_del
92,93,CGGATTGTTCACCGAAGCGG,BA000036.3:154260,+,60,,0,0,0,0,0.3,BA000036.3:153222-155613,Cgl0141_cds_del
93,94,GCTGCTGTTGTGACGGTGCG,BA000036.3:154752,+,65,,0,0,0,0,0.3,BA000036.3:153222-155613,Cgl0141_cds_del
94,95,ATTTTCTACGGGCAGGCCCG,BA000036.3:155551,+,60,,0,0,0,0,0.3,BA000036.3:153222-155613,Cgl0141_cds_del
95,96,GGGAAATGCCACCCCAACCA,BA000036.3:155400,-,60,,0,0,0,0,0.3,BA000036.3:153222-155613,Cgl0141_cds_del
96,97,GATCAGTCCTGTCATGCCGC,BA000036.3:154627,+,60,,0,0,0,0,0.3,BA000036.3:153222-155613,Cgl0141_cds_del
97,98,ACCCCCTCACGCAGCCTGGA,BA000036.3:154392,-,70,,0,0,0,0,0.29,BA000036.3:153222-155613,Cgl0141_cds_del
98,99,ACGCAGGTGCCAAACGGCGA,BA000036.3:154158,+,65,,0,0,0,0,0.29,BA000036.3:153222-155613,Cgl0141_cds_del
99,100,GTACCCCAAACACCCGTGGC,BA000036.3:153273,-,65,,0,0,0,0,0.29,BA000036.3:153222-155613,Cgl0141_cds_del
100,101,AGTTGGTTGCTTCAGGCCAG,BA000036.3:153549,+,55,,0,0,0,0,0.28,BA000036.3:153222-155613,Cgl0141_cds_del
101,102,ATTTTTCGGCCGATGAGCTG,BA000036.3:154091,+,50,,0,0,0,0,0.28,BA000036.3:153222-155613,Cgl0141_cds_del
102,103,GACAGGAGATGAAATTGCAC,BA000036.3:153386,+,45,,0,0,0,0,0.28,BA000036.3:153222-155613,Cgl0141_cds_del
103,104,TAGTCGGTGCTGATTCCCGC,BA000036.3:153493,+,60,,0,0,0,0,0.28,BA000036.3:153222-155613,Cgl0141_cds_del
104,105,ACAGGAGATGAAATTGCACC,BA000036.3:153387,+,45,,0,0,0,0,0.28,BA000036.3:153222-155613,Cgl0141_cds_del
105,106,CGAGCTGGCTATCATCTAGT,BA000036.3:155322,+,50,,0,0,0,0,0.28,BA000036.3:153222-155613,Cgl0141_cds_del
106,107,TCTTATAAATCGCATTTCCA,BA000036.3:155568,-,30,,0,0,0,0,0.28,BA000036.3:153222-155613,Cgl0141_cds_del
107,108,CGGGATTCCGCAGAGCTGCG,BA000036.3:153406,+,70,,0,0,0,0,0.27,BA000036.3:153222-155613,Cgl0141_cds_del
108,109,CTCGATTCCGATCTACTGCT,BA000036.3:155147,-,50,,0,0,0,0,0.27,BA000036.3:153222-155613,Cgl0141_cds_del
109,110,GGAGCTTTCCGCAACGGGAG,BA000036.3:154717,+,65,,0,0,0,0,0.27,BA000036.3:153222-155613,Cgl0141_cds_del
110,111,GTCCTCTGAAATGCGGGCGG,BA000036.3:153943,+,65,,0,0,0,0,0.27,BA000036.3:153222-155613,Cgl0141_cds_del
111,112,CACGTGCAATTTATGACCCC,BA000036.3:155252,-,50,,0,0,0,0,0.27,BA000036.3:153222-155613,Cgl0141_cds_del
112,113,TAGCCAGCTCGGAACAAAAG,BA000036.3:155310,-,50,,0,0,0,0,0.26,BA000036.3:153222-155613,Cgl0141_cds_del
113,114,AGTGGAACGCCTTCGCCGTT,BA000036.3:154167,-,60,,0,0,0,0,0.26,BA000036.3:153222-155613,Cgl0141_cds_del
114,115,GGTGACGCTATCACGAGCCT,BA000036.3:154331,-,60,,0,0,0,0,0.26,BA000036.3:153222-155613,Cgl0141_cds_del
115,116,TTGCGGATTGTTCACCGAAG,BA000036.3:154257,+,50,,0,0,0,0,0.25,BA000036.3:153222-155613,Cgl0141_cds_del
116,117,ATGATGCGCTGCTGTTGTGA,BA000036.3:154745,+,50,,0,0,0,0,0.25,BA000036.3:153222-155613,Cgl0141_cds_del
117,118,CACCACCGCCAAGATTTTTG,BA000036.3:154240,+,50,,0,0,0,0,0.25,BA000036.3:153222-155613,Cgl0141_cds_del
118,119,AAAGTGGGATTCAGCGTGCG,BA000036.3:155294,-,55,,0,0,0,0,0.25,BA000036.3:153222-155613,Cgl0141_cds_del
119,120,CATAGACATCATCGGAGTCG,BA000036.3:153915,-,50,,0,0,0,0,0.25,BA000036.3:153222-155613,Cgl0141_cds_del
120,121,GGCCAGCGCGACCTGCGCGT,BA000036.3:154575,+,80,,0,0,0,0,0.24,BA000036.3:153222-155613,Cgl0141_cds_del
121,122,GAGCATAAGAAATGTCTAAG,BA000036.3:154998,+,35,,0,0,0,0,0.24,BA000036.3:153222-155613,Cgl0141_cds_del
122,123,CGGAAAAGTCCAAGCCCGGA,BA000036.3:153867,-,60,,0,0,0,0,0.23,BA000036.3:153222-155613,Cgl0141_cds_del
123,124,GTCCATGGATCCTCCGGCCA,BA000036.3:153260,+,65,,0,0,0,0,0.23,BA000036.3:153222-155613,Cgl0141_cds_del
124,125,CAACAGATCCTGCGCCTCAT,BA000036.3:154364,-,55,,0,0,0,0,0.23,BA000036.3:153222-155613,Cgl0141_cds_del
125,126,GGTGCGCGCAGTGGCAGGAG,BA000036.3:153238,+,75,,0,0,0,0,0.23,BA000036.3:153222-155613,Cgl0141_cds_del
126,127,GTGCGTGGTGAACATATTTC,BA000036.3:155279,-,45,,0,0,0,0,0.22,BA000036.3:153222-155613,Cgl0141_cds_del
127,128,ATAAGATGTTAGCTACTAAT,BA000036.3:155436,+,25,,0,0,0,0,0.22,BA000036.3:153222-155613,Cgl0141_cds_del
128,129,ACCAACACCCGCCGAAGCCT,BA000036.3:153801,-,65,,0,0,0,0,0.22,BA000036.3:153222-155613,Cgl0141_cds_del
129,130,GCAGTGGCAGGAGCGGTCCA,BA000036.3:153245,+,70,,0,0,0,0,0.21,BA000036.3:153222-155613,Cgl0141_cds_del
130,131,CACCGACTAGATTATTCATC,BA000036.3:153479,-,40,,0,0,0,0,0.21,BA000036.3:153222-155613,Cgl0141_cds_del
131,132,ATTTCATCTCCTGTCACCTG,BA000036.3:153378,-,45,,0,0,0,0,0.21,BA000036.3:153222-155613,Cgl0141_cds_del
132,133,AGCGCTTCTCTCCTCCGCTT,BA000036.3:154271,-,60,,0,0,0,0,0.21,BA000036.3:153222-155613,Cgl0141_cds_del
133,134,TGAGCGGTTAATTGCAGCAA,BA000036.3:153988,+,45,,0,0,0,0,0.2,BA000036.3:153222-155613,Cgl0141_cds_del
134,135,GAAATGTCTAAGGGGAAAAT,BA000036.3:155006,+,35,,0,0,0,0,0.2,BA000036.3:153222-155613,Cgl0141_cds_del
135,136,GGCGCAGAAAACTCACGATG,BA000036.3:154917,-,55,,0,0,0,0,0.2,BA000036.3:153222-155613,Cgl0141_cds_del
136,137,GCAGCCGTCCAGGCTGCGTG,BA000036.3:154388,+,75,,0,0,0,0,0.2,BA000036.3:153222-155613,Cgl0141_cds_del
137,138,AACCCAGAATTACCCGGCAT,BA000036.3:155204,-,50,,0,0,0,0,0.2,BA000036.3:153222-155613,Cgl0141_cds_del
138,139,TCTGCACTCATTTTCGTCCC,BA000036.3:154877,-,50,,0,0,0,0,0.2,BA000036.3:153222-155613,Cgl0141_cds_del
139,140,GGCTGAGTTGGCCATGAAGT,BA000036.3:154794,+,55,,0,0,0,0,0.19,BA000036.3:153222-155613,Cgl0141_cds_del
140,141,TCTGGAGATAACCACAGGTG,BA000036.3:153641,+,50,,0,0,0,0,0.19,BA000036.3:153222-155613,Cgl0141_cds_del
141,142,GGAGCGGTCCATGGATCCTC,BA000036.3:153254,+,65,,0,0,0,0,0.19,BA000036.3:153222-155613,Cgl0141_cds_del
142,143,GGAGAGAAGCGCTGAGTTGA,BA000036.3:154281,+,55,,0,0,0,0,0.19,BA000036.3:153222-155613,Cgl0141_cds_del
143,144,CGTGAGTTTTCTGCGCCATG,BA000036.3:154923,+,55,,0,0,0,0,0.19,BA000036.3:153222-155613,Cgl0141_cds_del
144,145,TTTATCTGAATCTAAGGTTG,BA000036.3:155071,+,30,,0,0,0,0,0.19,BA000036.3:153222-155613,Cgl0141_cds_del
145,146,ACGAACACCGTGGCGAACCC,BA000036.3:153685,-,65,,0,0,0,0,0.18,BA000036.3:153222-155613,Cgl0141_cds_del
146,147,CTGAATCCATGAGGCGTGCG,BA000036.3:154035,+,60,,0,0,0,0,0.18,BA000036.3:153222-155613,Cgl0141_cds_del
147,148,ATTTCTGGTGTCACAAATCG,BA000036.3:154496,+,40,,0,0,0,0,0.18,BA000036.3:153222-155613,Cgl0141_cds_del
148,149,GAGCTGGCTATCATCTAGTT,BA000036.3:155323,+,45,,0,0,0,0,0.18,BA000036.3:153222-155613,Cgl0141_cds_del
149,150,GGTCGATTCCGCCTTTGGCA,BA000036.3:153762,+,60,,0,0,0,0,0.18,BA000036.3:153222-155613,Cgl0141_cds_del
150,151,ACCGGGATTCCGCAGAGCTG,BA000036.3:153404,+,65,,0,0,0,0,0.18,BA000036.3:153222-155613,Cgl0141_cds_del
151,152,AAAAAGCTTCTTGCAGGTGA,BA000036.3:155523,+,40,,0,0,0,0,0.18,BA000036.3:153222-155613,Cgl0141_cds_del
152,153,TTTGGGGCTTCGTGAGAGGC,BA000036.3:154660,+,60,,0,0,0,0,0.18,BA000036.3:153222-155613,Cgl0141_cds_del
153,154,GTGGTTATCTCCAGAAATTG,BA000036.3:153633,-,40,,0,0,0,0,0.18,BA000036.3:153222-155613,Cgl0141_cds_del
154,155,AGTCGACACCTTTTGCATTG,BA000036.3:154959,+,45,,0,0,0,0,0.17,BA000036.3:153222-155613,Cgl0141_cds_del
155,156,CTGGAGATAACCACAGGTGC,BA000036.3:153642,+,55,,0,0,0,0,0.17,BA000036.3:153222-155613,Cgl0141_cds_del
156,157,CGTTTGGCACCTGCGTCGGT,BA000036.3:154151,-,65,,0,0,0,0,0.17,BA000036.3:153222-155613,Cgl0141_cds_del
157,158,TCACCTGCAAGAAGCTTTTT,BA000036.3:155520,-,40,,0,0,0,0,0.17,BA000036.3:153222-155613,Cgl0141_cds_del
158,159,GCGTTCCACTTCACGCTTGT,BA000036.3:154180,+,55,,0,0,0,0,0.17,BA000036.3:153222-155613,Cgl0141_cds_del
159,160,AAGATGTTAGCTACTAATGG,BA000036.3:155438,+,35,,0,0,0,0,0.17,BA000036.3:153222-155613,Cgl0141_cds_del
160,161,CTGGCCAGATATTGAAACTG,BA000036.3:153666,-,45,,0,0,0,0,0.16,BA000036.3:153222-155613,Cgl0141_cds_del
161,162,CATCTTATGTAATGAAGGAG,BA000036.3:155421,-,35,,0,0,0,0,0.16,BA000036.3:153222-155613,Cgl0141_cds_del
162,163,GGCGATTGTTTCCGAGGCTT,BA000036.3:153790,+,55,,0,0,0,0,0.16,BA000036.3:153222-155613,Cgl0141_cds_del
163,164,GGTTGCGGACATGGCGATGA,BA000036.3:155086,+,60,,0,0,0,0,0.16,BA000036.3:153222-155613,Cgl0141_cds_del
164,165,AGTTGCGCGCAGGCTTCAGC,BA000036.3:154598,-,65,,0,0,0,0,0.16,BA000036.3:153222-155613,Cgl0141_cds_del
165,166,CTGGGATTTCCTCGACCACA,BA000036.3:154938,-,55,,0,0,0,0,0.16,BA000036.3:153222-155613,Cgl0141_cds_del
166,167,CAGCCGTCCAGGCTGCGTGA,BA000036.3:154389,+,70,,0,0,0,0,0.15,BA000036.3:153222-155613,Cgl0141_cds_del
167,168,GAATTTCAGTCGGTCACGCA,BA000036.3:153712,+,50,,0,0,0,0,0.15,BA000036.3:153222-155613,Cgl0141_cds_del
168,169,CTGGCGGATTAACACACCGG,BA000036.3:155236,+,60,,0,0,0,0,0.15,BA000036.3:153222-155613,Cgl0141_cds_del
169,170,CAGCCCTCTGGCTCGCCCAA,BA000036.3:154450,-,70,,0,0,0,0,0.15,BA000036.3:153222-155613,Cgl0141_cds_del
170,171,CCGCAGGTGACGTTCCCCAT,BA000036.3:154434,+,65,,0,0,0,0,0.15,BA000036.3:153222-155613,Cgl0141_cds_del
171,172,TGCGAACTCCAGGCACAGTT,BA000036.3:154695,+,55,,0,0,0,0,0.15,BA000036.3:153222-155613,Cgl0141_cds_del
172,173,CACGACTCCGATGATGTCTA,BA000036.3:153916,+,50,,0,0,0,0,0.14,BA000036.3:153222-155613,Cgl0141_cds_del
173,174,TCTGCGAGCTGCTGCTCGGA,BA000036.3:155350,+,65,,0,0,0,0,0.14,BA000036.3:153222-155613,Cgl0141_cds_del
174,175,CCGCGGGCAGAGTCTCGTTT,BA000036.3:154643,+,65,,0,0,0,0,0.14,BA000036.3:153222-155613,Cgl0141_cds_del
175,176,ACCTCACCCAAGCAGCCCTC,BA000036.3:154462,-,65,,0,0,0,0,0.14,BA000036.3:153222-155613,Cgl0141_cds_del
176,177,CACTCCAGCGACTTCTCCCC,BA000036.3:153565,-,65,,0,0,0,0,0.13,BA000036.3:153222-155613,Cgl0141_cds_del
177,178,GACTAGATTATTCATCAGGC,BA000036.3:153475,-,40,,0,0,0,0,0.13,BA000036.3:153222-155613,Cgl0141_cds_del
178,179,CTGCAAGAAGCTTTTTCGGC,BA000036.3:155516,-,50,,0,0,0,0,0.13,BA000036.3:153222-155613,Cgl0141_cds_del
179,180,AGGAGCGAATTCTTCAAAGT,BA000036.3:153532,+,40,,0,0,0,0,0.13,BA000036.3:153222-155613,Cgl0141_cds_del
180,181,CGTTTTTCCTGTGCCGGGAG,BA000036.3:155470,+,60,,0,0,0,0,0.12,BA000036.3:153222-155613,Cgl0141_cds_del
181,182,CGTTACTAAAACCTTGGTTG,BA000036.3:155389,+,40,,0,0,0,0,0.12,BA000036.3:153222-155613,Cgl0141_cds_del
182,183,TCAATGCAAAAGGTGTCGAC,BA000036.3:154957,-,45,,0,0,0,0,0.12,BA000036.3:153222-155613,Cgl0141_cds_del
183,184,TTTTCTGCGCCATGTGGTCG,BA000036.3:154929,+,55,,0,0,0,0,0.12,BA000036.3:153222-155613,Cgl0141_cds_del
184,185,GAAAGCTCCCTAACTGTGCC,BA000036.3:154703,-,55,,0,0,0,0,0.12,BA000036.3:153222-155613,Cgl0141_cds_del
185,186,GTTAGGGAGCTTTCCGCAAC,BA000036.3:154712,+,55,,0,0,0,0,0.11,BA000036.3:153222-155613,Cgl0141_cds_del
186,187,GCCGTTACTAAAACCTTGGT,BA000036.3:155387,+,45,,0,0,0,0,0.11,BA000036.3:153222-155613,Cgl0141_cds_del
187,188,GTGCTGATTCCCGCTGGGTA,BA000036.3:153499,+,60,,0,0,0,0,0.11,BA000036.3:153222-155613,Cgl0141_cds_del
188,189,AAATCGGTGCTTCAACACTA,BA000036.3:155022,+,40,,0,0,0,0,0.11,BA000036.3:153222-155613,Cgl0141_cds_del
189,190,CAACTAGATGATAGCCAGCT,BA000036.3:155321,-,45,,0,0,0,0,0.11,BA000036.3:153222-155613,Cgl0141_cds_del
190,191,CGTTCCACTTCACGCTTGTC,BA000036.3:154181,+,55,,0,0,0,0,0.11,BA000036.3:153222-155613,Cgl0141_cds_del
191,192,TGTAATTTCACTCGTATAAC,BA000036.3:153452,+,30,,0,0,0,0,0.11,BA000036.3:153222-155613,Cgl0141_cds_del
192,193,GGGCGCGGTCTTGTTCGGTC,BA000036.3:154773,+,70,,0,0,0,0,0.11,BA000036.3:153222-155613,Cgl0141_cds_del
193,194,TCGGCGGGTGTTGGTTTTGT,BA000036.3:153809,+,55,,0,0,0,0,0.11,BA000036.3:153222-155613,Cgl0141_cds_del
194,195,ATCAACCCCCTCACGCAGCC,BA000036.3:154396,-,65,,0,0,0,0,0.11,BA000036.3:153222-155613,Cgl0141_cds_del
195,196,ATGCCGCTTTGTCGGAGAAG,BA000036.3:153735,+,55,,0,0,0,0,0.11,BA000036.3:153222-155613,Cgl0141_cds_del
196,197,TGAAGCCTGCGCGCAACTGC,BA000036.3:154603,+,65,,0,0,0,0,0.1,BA000036.3:153222-155613,Cgl0141_cds_del
197,198,GGCGAGCCAGAGGGCTGCTT,BA000036.3:154456,+,70,,0,0,0,0,0.1,BA000036.3:153222-155613,Cgl0141_cds_del
198,199,GTTCGCATCGTGGTGGATTC,BA000036.3:154679,-,55,,0,0,0,0,0.1,BA000036.3:153222-155613,Cgl0141_cds_del
199,200,GGATAATATTTTCTACGGGC,BA000036.3:155544,+,40,,0,0,0,0,0.09,BA000036.3:153222-155613,Cgl0141_cds_del
200,201,AGTGTCGTTTTTCCTGTGCC,BA000036.3:155465,+,50,,0,0,0,0,0.09,BA000036.3:153222-155613,Cgl0141_cds_del
201,202,GTGTCACAAATCGTGGGAAG,BA000036.3:154503,+,50,,0,0,0,0,0.09,BA000036.3:153222-155613,Cgl0141_cds_del
202,203,ACCCGTGGCCGGAGGATCCA,BA000036.3:153262,-,70,,0,0,0,0,0.09,BA000036.3:153222-155613,Cgl0141_cds_del
203,204,AAGCGCTGAGTTGAGGGCAG,BA000036.3:154287,+,60,,0,0,0,0,0.09,BA000036.3:153222-155613,Cgl0141_cds_del
204,205,GCCCGGAAGGTCAAAGCAGC,BA000036.3:153854,-,65,,0,0,0,0,0.09,BA000036.3:153222-155613,Cgl0141_cds_del
205,206,TTTTTCGGCCGATGAGCTGC,BA000036.3:154092,+,55,,0,0,0,0,0.09,BA000036.3:153222-155613,Cgl0141_cds_del
206,207,ATTCTCCATTGTCTATTTTT,BA000036.3:154077,+,25,,0,0,0,0,0.09,BA000036.3:153222-155613,Cgl0141_cds_del
207,208,ATCGCCACAGCCCTTGCCAA,BA000036.3:153773,-,60,,0,0,0,0,0.08,BA000036.3:153222-155613,Cgl0141_cds_del
208,209,TGCGAGGGCGCGGTCTTGTT,BA000036.3:154768,+,65,,0,0,0,0,0.08,BA000036.3:153222-155613,Cgl0141_cds_del
209,210,CGCCTCATCGGCGCGCTTGA,BA000036.3:154352,-,70,,0,0,0,0,0.08,BA000036.3:153222-155613,Cgl0141_cds_del
210,211,TGGAACCCGCGCACGCCTCA,BA000036.3:154041,-,70,,0,0,0,0,0.08,BA000036.3:153222-155613,Cgl0141_cds_del
211,212,GAAGTGGGAAAACATTATTA,BA000036.3:154809,+,30,,0,0,0,0,0.08,BA000036.3:153222-155613,Cgl0141_cds_del
212,213,AATGACAAGGTTTTTAGGTC,BA000036.3:155497,+,35,,0,0,0,0,0.08,BA000036.3:153222-155613,Cgl0141_cds_del
213,214,GGCCAACGCGCAGGTCGCGC,BA000036.3:154577,-,80,,0,0,0,0,0.08,BA000036.3:153222-155613,Cgl0141_cds_del
214,215,GCTAACATCTTATGTAATGA,BA000036.3:155426,-,30,,0,0,0,0,0.08,BA000036.3:153222-155613,Cgl0141_cds_del
215,216,TGGAGCATAAGAAATGTCTA,BA000036.3:154996,+,35,,0,0,0,0,0.08,BA000036.3:153222-155613,Cgl0141_cds_del
216,217,CGCAGGTGACGTTCCCCATT,BA000036.3:154435,+,60,,0,0,0,0,0.08,BA000036.3:153222-155613,Cgl0141_cds_del
217,218,GTGAGGGATAATATTTTCTA,BA000036.3:155539,+,30,,0,0,0,0,0.08,BA000036.3:153222-155613,Cgl0141_cds_del
218,219,TGAACAATCCGCAAAAATCT,BA000036.3:154248,-,35,,0,0,0,0,0.08,BA000036.3:153222-155613,Cgl0141_cds_del
219,220,TCGGTTGGAAAAGCGAGTGC,BA000036.3:154136,-,55,,0,0,0,0,0.08,BA000036.3:153222-155613,Cgl0141_cds_del
220,221,GGGTCCGCAGTTTCAATATC,BA000036.3:153662,+,50,,0,0,0,0,0.08,BA000036.3:153222-155613,Cgl0141_cds_del
221,222,CTTTGTCGGAGAAGTGGAAT,BA000036.3:153741,+,45,,0,0,0,0,0.07,BA000036.3:153222-155613,Cgl0141_cds_del
222,223,GAGGTCTTCCCGCAGGTGAC,BA000036.3:153369,+,65,,0,0,0,0,0.07,BA000036.3:153222-155613,Cgl0141_cds_del
223,224,CTGGGTACGGATAGGTGGGA,BA000036.3:153512,+,60,,0,0,0,0,0.07,BA000036.3:153222-155613,Cgl0141_cds_del
224,225,CTCGCTTTTCCAACCGACGC,BA000036.3:154142,+,60,,0,0,0,0,0.07,BA000036.3:153222-155613,Cgl0141_cds_del
225,226,TTCCCCATTGGGCGAGCCAG,BA000036.3:154446,+,65,,0,0,0,0,0.07,BA000036.3:153222-155613,Cgl0141_cds_del
226,227,TTCTTGGTGCGCGCAGTGGC,BA000036.3:153233,+,65,,0,0,0,0,0.07,BA000036.3:153222-155613,Cgl0141_cds_del
227,228,CATAAGATGTTAGCTACTAA,BA000036.3:155435,+,30,,0,0,0,0,0.07,BA000036.3:153222-155613,Cgl0141_cds_del
228,229,GGGGAGAAGTCGCTGGAGTG,BA000036.3:153568,+,65,,0,0,0,0,0.07,BA000036.3:153222-155613,Cgl0141_cds_del
229,230,AGCGCTGAGTTGAGGGCAGA,BA000036.3:154288,+,60,,0,0,0,0,0.07,BA000036.3:153222-155613,Cgl0141_cds_del
230,231,GCCTGAATGACAAGGTTTTT,BA000036.3:155492,+,40,,0,0,0,0,0.07,BA000036.3:153222-155613,Cgl0141_cds_del
231,232,GGGCGAGCCAGAGGGCTGCT,BA000036.3:154455,+,75,,0,0,0,0,0.06,BA000036.3:153222-155613,Cgl0141_cds_del
232,233,ACGCAAGGATGCCGCTTTGT,BA000036.3:153727,+,55,,0,0,0,0,0.06,BA000036.3:153222-155613,Cgl0141_cds_del
233,234,GCCGTCCAGGCTGCGTGAGG,BA000036.3:154391,+,75,,0,0,0,0,0.06,BA000036.3:153222-155613,Cgl0141_cds_del
234,235,CGGCCGAAAAAGCTTCTTGC,BA000036.3:155517,+,55,,0,0,0,0,0.06,BA000036.3:153222-155613,Cgl0141_cds_del
235,236,AGGAGAGAAGCGCTGAGTTG,BA000036.3:154280,+,55,,0,0,0,0,0.06,BA000036.3:153222-155613,Cgl0141_cds_del
236,237,GAATAGGTCGATTCCGCCTT,BA000036.3:153757,+,50,,0,0,0,0,0.06,BA000036.3:153222-155613,Cgl0141_cds_del
237,238,GGGCTGAGTTGGCCATGAAG,BA000036.3:154793,+,60,,0,0,0,0,0.06,BA000036.3:153222-155613,Cgl0141_cds_del
238,239,TGCATTGAGGCGAGGCGCGC,BA000036.3:154972,+,70,,0,0,0,0,0.06,BA000036.3:153222-155613,Cgl0141_cds_del
239,240,GATCTGTTGTGCAGCCGTCC,BA000036.3:154378,+,60,,0,0,0,0,0.06,BA000036.3:153222-155613,Cgl0141_cds_del
240,241,TCGTTTTTCCTGTGCCGGGA,BA000036.3:155469,+,55,,0,0,0,0,0.05,BA000036.3:153222-155613,Cgl0141_cds_del
241,242,ATTCTGGGTTGTTTAAGAGC,BA000036.3:155217,+,40,,0,0,0,0,0.05,BA000036.3:153222-155613,Cgl0141_cds_del
242,243,AGGGTTCGCCACGGTGTTCG,BA000036.3:153687,+,65,,0,0,0,0,0.05,BA000036.3:153222-155613,Cgl0141_cds_del
243,244,AAGTGTCGTTTTTCCTGTGC,BA000036.3:155464,+,45,,0,0,0,0,0.05,BA000036.3:153222-155613,Cgl0141_cds_del
244,245,CCGTTACTAAAACCTTGGTT,BA000036.3:155388,+,40,,0,0,0,0,0.05,BA000036.3:153222-155613,Cgl0141_cds_del
245,246,TACTAAAACCTTGGTTGGGG,BA000036.3:155392,+,45,,0,0,0,0,0.05,BA000036.3:153222-155613,Cgl0141_cds_del
246,247,CAATTGATGAGTTCAAGAAT,BA000036.3:155597,-,30,,0,0,0,0,0.05,BA000036.3:153222-155613,Cgl0141_cds_del
247,248,GCAGGTCGCGCTGGCCGTGA,BA000036.3:154568,-,75,,0,0,0,0,0.05,BA000036.3:153222-155613,Cgl0141_cds_del
248,249,GATAATCACAGCGCCGATGC,BA000036.3:155191,+,55,,0,0,0,0,0.05,BA000036.3:153222-155613,Cgl0141_cds_del
249,250,CGATCAATTTCACGCACACC,BA000036.3:154859,+,50,,0,0,0,0,0.05,BA000036.3:153222-155613,Cgl0141_cds_del
250,251,CGCCGATGCCGGGTAATTCT,BA000036.3:155202,+,60,,0,0,0,0,0.05,BA000036.3:153222-155613,Cgl0141_cds_del
251,252,GGCATCGTCCTCTGAAATGC,BA000036.3:153937,+,55,,0,0,0,0,0.05,BA000036.3:153222-155613,Cgl0141_cds_del
252,253,GGGAGAAGTCGCTGGAGTGC,BA000036.3:153569,+,65,,0,0,0,0,0.05,BA000036.3:153222-155613,Cgl0141_cds_del
253,254,CCCGCTGGGTACGGATAGGT,BA000036.3:153508,+,65,,0,0,0,0,0.05,BA000036.3:153222-155613,Cgl0141_cds_del
254,255,CTTGTCATTCAGGCCCCTCC,BA000036.3:155483,-,60,,0,0,0,0,0.05,BA000036.3:153222-155613,Cgl0141_cds_del
255,256,ATCCCACTTTTGTTCCGAGC,BA000036.3:155307,+,50,,0,0,0,0,0.05,BA000036.3:153222-155613,Cgl0141_cds_del
256,257,GCCGCGGGCAGAGTCTCGTT,BA000036.3:154642,+,70,,0,0,0,0,0.05,BA000036.3:153222-155613,Cgl0141_cds_del
257,258,TGTCACAAATCGTGGGAAGT,BA000036.3:154504,+,45,,0,0,0,0,0.05,BA000036.3:153222-155613,Cgl0141_cds_del
258,259,AGGTCAGCGGAGCTGATTTC,BA000036.3:154481,+,55,,0,0,0,0,0.05,BA000036.3:153222-155613,Cgl0141_cds_del
259,260,AAAGTTGGTTGCTTCAGGCC,BA000036.3:153547,+,50,,0,0,0,0,0.05,BA000036.3:153222-155613,Cgl0141_cds_del
260,261,ATCTTATGTAATGAAGGAGC,BA000036.3:155420,-,35,,0,0,0,0,0.04,BA000036.3:153222-155613,Cgl0141_cds_del
261,262,CCTCCGGCCACGGGTGTTTG,BA000036.3:153270,+,70,,0,0,0,0,0.04,BA000036.3:153222-155613,Cgl0141_cds_del
262,263,CAAGCGCGCCGATGAGGCGC,BA000036.3:154356,+,75,,0,0,0,0,0.04,BA000036.3:153222-155613,Cgl0141_cds_del
263,264,ATTCAGGCCCCTCCCGGCAC,BA000036.3:155477,-,70,,0,0,0,0,0.04,BA000036.3:153222-155613,Cgl0141_cds_del
264,265,TTGAGGCGAGGCGCGCGGGC,BA000036.3:154976,+,80,,0,0,0,0,0.04,BA000036.3:153222-155613,Cgl0141_cds_del
265,266,AGGTGACGCTATCACGAGCC,BA000036.3:154332,-,60,,0,0,0,0,0.04,BA000036.3:153222-155613,Cgl0141_cds_del
266,267,CGGAATCGAGTTGACGTTCG,BA000036.3:155160,+,55,,0,0,0,0,0.04,BA000036.3:153222-155613,Cgl0141_cds_del
267,268,GCCACGGGTGTTTGGGGTAC,BA000036.3:153276,+,65,,0,0,0,0,0.04,BA000036.3:153222-155613,Cgl0141_cds_del
268,269,CGCAAACTTATTAGACGCTC,BA000036.3:155046,-,45,,0,0,0,0,0.04,BA000036.3:153222-155613,Cgl0141_cds_del
269,270,GACTCTGCCCGCGGCATGAC,BA000036.3:154634,-,70,,0,0,0,0,0.04,BA000036.3:153222-155613,Cgl0141_cds_del
270,271,GCCAGAGGGCTGCTTGGGTG,BA000036.3:154461,+,70,,0,0,0,0,0.04,BA000036.3:153222-155613,Cgl0141_cds_del
271,272,CGCGGGTTCCACTGGCTAAA,BA000036.3:154053,+,60,,0,0,0,0,0.04,BA000036.3:153222-155613,Cgl0141_cds_del
272,273,CTCGTTTGGGGCTTCGTGAG,BA000036.3:154656,+,60,,0,0,0,0,0.04,BA000036.3:153222-155613,Cgl0141_cds_del
273,274,CAATGCAAAAGGTGTCGACT,BA000036.3:154956,-,45,,0,0,0,0,0.03,BA000036.3:153222-155613,Cgl0141_cds_del
274,275,TGTGCCTGGAGTTCGCATCG,BA000036.3:154689,-,60,,0,0,0,0,0.03,BA000036.3:153222-155613,Cgl0141_cds_del
275,276,TAAGATGTTAGCTACTAATG,BA000036.3:155437,+,30,,0,0,0,0,0.03,BA000036.3:153222-155613,Cgl0141_cds_del
276,277,TGGCTGAGCGCCTCAATTTC,BA000036.3:153623,+,55,,0,0,0,0,0.03,BA000036.3:153222-155613,Cgl0141_cds_del
277,278,GCCTGCTGCTTTGACCTTCC,BA000036.3:153853,+,60,,0,0,0,0,0.03,BA000036.3:153222-155613,Cgl0141_cds_del
278,279,TCCGCCTTTGGCAAGGGCTG,BA000036.3:153769,+,65,,0,0,0,0,0.03,BA000036.3:153222-155613,Cgl0141_cds_del
279,280,TCCATGGATCCTCCGGCCAC,BA000036.3:153261,+,65,,0,0,0,0,0.03,BA000036.3:153222-155613,Cgl0141_cds_del
280,281,AGCCCTCTGGCTCGCCCAAT,BA000036.3:154449,-,65,,0,0,0,0,0.03,BA000036.3:153222-155613,Cgl0141_cds_del
281,282,GCCCTCTGGCTCGCCCAATG,BA000036.3:154448,-,70,,0,0,0,0,0.03,BA000036.3:153222-155613,Cgl0141_cds_del
282,283,GTCGGTTGGAAAAGCGAGTG,BA000036.3:154137,-,55,,0,0,0,0,0.03,BA000036.3:153222-155613,Cgl0141_cds_del
283,284,AATAATGTTTTCCCACTTCA,BA000036.3:154805,-,30,,0,0,0,0,0.03,BA000036.3:153222-155613,Cgl0141_cds_del
284,285,GGGTGTTGGTTTTGTCGGAG,BA000036.3:153814,+,55,,0,0,0,0,0.03,BA000036.3:153222-155613,Cgl0141_cds_del
285,286,CTGCACGGACTTGGCTGTAC,BA000036.3:153309,+,60,,0,0,0,0,0.03,BA000036.3:153222-155613,Cgl0141_cds_del
286,287,CCGGGATTCCGCAGAGCTGC,BA000036.3:153405,+,70,,0,0,0,0,0.03,BA000036.3:153222-155613,Cgl0141_cds_del
287,288,CCAAAACTACATGCGATTCT,BA000036.3:153217,+,40,,0,0,0,0,0.02,BA000036.3:153222-155613,Cgl0141_cds_del
288,289,TCTTCAAAGTTGGTTGCTTC,BA000036.3:153542,+,40,,0,0,0,0,0.02,BA000036.3:153222-155613,Cgl0141_cds_del
289,290,GACGTCCCCCTGCGGGTTTT,BA000036.3:154216,+,65,,0,0,0,0,0.02,BA000036.3:153222-155613,Cgl0141_cds_del
290,291,CGCGCTGGCCGTGAAGGACC,BA000036.3:154562,-,75,,0,0,0,0,0.02,BA000036.3:153222-155613,Cgl0141_cds_del
291,292,TGAATCTAAGGTTGCGGACA,BA000036.3:155077,+,45,,0,0,0,0,0.02,BA000036.3:153222-155613,Cgl0141_cds_del
292,293,GCGCCGATGCCGGGTAATTC,BA000036.3:155201,+,65,,0,0,0,0,0.02,BA000036.3:153222-155613,Cgl0141_cds_del
293,294,CTGCTTTGACCTTCCGGGCT,BA000036.3:153858,+,60,,0,0,0,0,0.02,BA000036.3:153222-155613,Cgl0141_cds_del
294,295,CGCGGGCAGAGTCTCGTTTG,BA000036.3:154644,+,65,,0,0,0,0,0.02,BA000036.3:153222-155613,Cgl0141_cds_del
295,296,CCCGCATTTCTGCACGGACT,BA000036.3:153300,+,60,,0,0,0,0,0.02,BA000036.3:153222-155613,Cgl0141_cds_del
296,297,CGCCTGCTGCTTTGACCTTC,BA000036.3:153852,+,60,,0,0,0,0,0.02,BA000036.3:153222-155613,Cgl0141_cds_del
297,298,GAGGCGTGCGCGGGTTCCAC,BA000036.3:154045,+,75,,0,0,0,0,0.02,BA000036.3:153222-155613,Cgl0141_cds_del
298,299,AGCCGTCCAGGCTGCGTGAG,BA000036.3:154390,+,70,,0,0,0,0,0.02,BA000036.3:153222-155613,Cgl0141_cds_del
299,300,TCCGTGCAGAAATGCGGGGC,BA000036.3:153295,-,65,,0,0,0,0,0.02,BA000036.3:153222-155613,Cgl0141_cds_del
300,301,TCTGCACGGACTTGGCTGTA,BA000036.3:153308,+,55,,0,0,0,0,0.02,BA000036.3:153222-155613,Cgl0141_cds_del
301,302,CGCAGTTTCAATATCTGGCC,BA000036.3:153667,+,50,,0,0,0,0,0.02,BA000036.3:153222-155613,Cgl0141_cds_del
302,303,TCCACCACGATGCGAACTCC,BA000036.3:154685,+,60,,0,0,0,0,0.02,BA000036.3:153222-155613,Cgl0141_cds_del
303,304,TCCGAGGCTTCGGCGGGTGT,BA000036.3:153800,+,70,,0,0,0,0,0.02,BA000036.3:153222-155613,Cgl0141_cds_del
304,305,TAGCATCTGATTATTTGTCC,BA000036.3:154544,+,35,,0,0,0,0,0.02,BA000036.3:153222-155613,Cgl0141_cds_del
305,306,CACCTTCAAGCGCGCCGATG,BA000036.3:154350,+,65,,0,0,0,0,0.01,BA000036.3:153222-155613,Cgl0141_cds_del
306,307,TCCTCCGGCCACGGGTGTTT,BA000036.3:153269,+,65,,0,0,0,0,0.01,BA000036.3:153222-155613,Cgl0141_cds_del
307,308,TCCCGCTGGGTACGGATAGG,BA000036.3:153507,+,65,,0,0,0,0,0.01,BA000036.3:153222-155613,Cgl0141_cds_del
308,309,CGGGAGGGGCCTGAATGACA,BA000036.3:155484,+,65,,0,0,0,0,0.01,BA000036.3:153222-155613,Cgl0141_cds_del
309,310,AGGTTGCGGACATGGCGATG,BA000036.3:155085,+,60,,0,0,0,0,0.01,BA000036.3:153222-155613,Cgl0141_cds_del
310,311,AAACTGCGGACCCGCACCTG,BA000036.3:153652,-,65,,0,0,0,0,0.01,BA000036.3:153222-155613,Cgl0141_cds_del
311,312,AGCTGGCGGATTAACACACC,BA000036.3:155234,+,55,,0,0,0,0,0.01,BA000036.3:153222-155613,Cgl0141_cds_del
312,313,CAGGCCAGGGGAGAAGTCGC,BA000036.3:153561,+,70,,0,0,0,0,0.01,BA000036.3:153222-155613,Cgl0141_cds_del
313,314,GAAAAAGCTTCTTGCAGGTG,BA000036.3:155522,+,45,,0,0,0,0,0.01,BA000036.3:153222-155613,Cgl0141_cds_del
314,315,GACCTGCGTAGTTTCTGGTC,BA000036.3:153332,-,55,,0,0,0,0,0.01,BA000036.3:153222-155613,Cgl0141_cds_del
315,316,TGCGAATTTATCTGAATCTA,BA000036.3:155065,+,30,,0,0,0,0,0.01,BA000036.3:153222-155613,Cgl0141_cds_del
316,317,CTTGTTCGGTCGGGCTGAGT,BA000036.3:154782,+,60,,0,0,0,0,0.01,BA000036.3:153222-155613,Cgl0141_cds_del
317,318,ACCTAAAAACCTTGTCATTC,BA000036.3:155493,-,35,,0,0,0,0,0.01,BA000036.3:153222-155613,Cgl0141_cds_del
318,319,ATCCTCCGGCCACGGGTGTT,BA000036.3:153268,+,65,,0,0,0,0,0.0,BA000036.3:153222-155613,Cgl0141_cds_del
319,320,TGAGGGGGTTGATCAAGAAG,BA000036.3:154406,+,50,,0,0,0,1,0.76,BA000036.3:153222-155613,Cgl0141_cds_del
320,321,ATCCGCAAAAATCTTGGCGG,BA000036.3:154242,-,50,,0,0,0,1,0.34,BA000036.3:153222-155613,Cgl0141_cds_del
321,322,GACGATGCCATAGACATCAT,BA000036.3:153923,-,45,,0,0,0,1,0.28,BA000036.3:153222-155613,Cgl0141_cds_del
322,323,GCGTCGATAAGCGATGTCCC,BA000036.3:154314,+,60,,0,0,0,1,0.24,BA000036.3:153222-155613,Cgl0141_cds_del
323,324,CTTATAAATCGCATTTCCAC,BA000036.3:155567,-,35,,0,0,0,1,0.15,BA000036.3:153222-155613,Cgl0141_cds_del
324,325,GGCTGCTTGGGTGAGGTCAG,BA000036.3:154468,+,65,,0,0,0,1,0.11,BA000036.3:153222-155613,Cgl0141_cds_del
325,326,AGGGCGCGGTCTTGTTCGGT,BA000036.3:154772,+,65,,0,0,0,1,0.01,BA000036.3:153222-155613,Cgl0141_cds_del
326,327,GTCGTTTTTCCTGTGCCGGG,BA000036.3:155468,+,60,,0,0,1,0,0.31,BA000036.3:153222-155613,Cgl0141_cds_del
327,328,GCGGGCGGCGGCGCGGATGA,BA000036.3:153955,+,85,,0,0,0,2,0.03,BA000036.3:153222-155613,Cgl0141_cds_del
328,329,TGCTTTTCGACGTCCCCCTG,BA000036.3:154208,+,60,,0,0,0,6,0.22,BA000036.3:153222-155613,Cgl0141_cds_del
329,330,GCTTTTCGACGTCCCCCTGC,BA000036.3:154209,+,65,,0,0,1,5,0.14,BA000036.3:153222-155613,Cgl0141_cds_del
0,1,CGTTCGCTTTTAAGTTTTCT,BA000036.3:153015,+,35,,0,0,0,0,0.06,BA000036.3:153019-153020,153019_ecoil_ybeL_ins
0,1,CGAGAAGTACACCTTCTCCG,BA000036.3:909252,-,55,,0,0,0,0,0.96,BA000036.3:907755-909378,Cgl0851_ecoli_pgi_sub
1,2,GCTGGAGGTAAGCAGCAAAA,BA000036.3:908340,+,50,,0,0,0,0,0.9,BA000036.3:907755-909378,Cgl0851_ecoli_pgi_sub
2,3,GGTCTTCCAACACAGAAACG,BA000036.3:908802,+,50,,0,0,0,0,0.88,BA000036.3:907755-909378,Cgl0851_ecoli_pgi_sub
3,4,GGAAACGCATGAAGTCGCGA,BA000036.3:908511,+,55,,0,0,0,0,0.88,BA000036.3:907755-909378,Cgl0851_ecoli_pgi_sub
4,5,GGCACTGGCGAAATTTACTG,BA000036.3:908258,-,50,,0,0,0,0,0.83,BA000036.3:907755-909378,Cgl0851_ecoli_pgi_sub
5,6,AGAAGGTGTACTTCTCGGCG,BA000036.3:909258,+,55,,0,0,0,0,0.83,BA000036.3:907755-909378,Cgl0851_ecoli_pgi_sub
6,7,GCGCGGTGTGGAGGACAGCG,BA000036.3:909090,+,75,,0,0,0,0,0.77,BA000036.3:907755-909378,Cgl0851_ecoli_pgi_sub
7,8,CCATCGCGTGGAATCCACCG,BA000036.3:908490,+,65,,0,0,0,0,0.76,BA000036.3:907755-909378,Cgl0851_ecoli_pgi_sub
8,9,CAAGCGACTACCTATTTGCG,BA000036.3:907749,+,50,,0,0,0,0,0.7,BA000036.3:907755-909378,Cgl0851_ecoli_pgi_sub
9,10,GAACGCTGAAGAGATCGCTG,BA000036.3:908052,-,55,,0,0,0,0,0.69,BA000036.3:907755-909378,Cgl0851_ecoli_pgi_sub
10,11,AGGAAACGCATGAAGTCGCG,BA000036.3:908510,+,55,,0,0,0,0,0.67,BA000036.3:907755-909378,Cgl0851_ecoli_pgi_sub
11,12,GCTTGGCTGGTAGAGAAGCT,BA000036.3:908696,-,55,,0,0,0,0,0.66,BA000036.3:907755-909378,Cgl0851_ecoli_pgi_sub
12,13,CGCTGTCCTACCTTATTCCG,BA000036.3:908370,-,55,,0,0,0,0,0.66,BA000036.3:907755-909378,Cgl0851_ecoli_pgi_sub
13,14,GGAAGTGTTCATCCATCGCG,BA000036.3:908478,+,55,,0,0,0,0,0.65,BA000036.3:907755-909378,Cgl0851_ecoli_pgi_sub
14,15,GCATGCGTCCCAAAACTTCG,BA000036.3:909009,+,55,,0,0,0,0,0.65,BA000036.3:907755-909378,Cgl0851_ecoli_pgi_sub
15,16,GTCGACGTGGAGGCCAGCCG,BA000036.3:909235,+,75,,0,0,0,0,0.64,BA000036.3:907755-909378,Cgl0851_ecoli_pgi_sub
16,17,GCAGGCAAATGACCTCGCTC,BA000036.3:907836,-,60,,0,0,0,0,0.63,BA000036.3:907755-909378,Cgl0851_ecoli_pgi_sub
17,18,GGTCAGGTCTTGCCAAACCT,BA000036.3:909337,+,55,,0,0,0,0,0.63,BA000036.3:907755-909378,Cgl0851_ecoli_pgi_sub
18,19,GTAAATTTCGCCAGTGCCAG,BA000036.3:908263,+,50,,0,0,0,0,0.62,BA000036.3:907755-909378,Cgl0851_ecoli_pgi_sub
19,20,GAATTCTGCTGAGATACCAG,BA000036.3:908848,+,45,,0,0,0,0,0.62,BA000036.3:907755-909378,Cgl0851_ecoli_pgi_sub
20,21,TTAAGTGGTACCGCGCAAAT,BA000036.3:907759,-,45,,0,0,0,0,0.61,BA000036.3:907755-909378,Cgl0851_ecoli_pgi_sub
21,22,GGTGTTGTTGAGGTGTTCAC,BA000036.3:909118,+,50,,0,0,0,0,0.61,BA000036.3:907755-909378,Cgl0851_ecoli_pgi_sub
22,23,GATTCTTCGACAGGTCGACG,BA000036.3:909222,+,55,,0,0,0,0,0.57,BA000036.3:907755-909378,Cgl0851_ecoli_pgi_sub
23,24,CATGAGGGAAAGACCAACTG,BA000036.3:908545,+,50,,0,0,0,0,0.57,BA000036.3:907755-909378,Cgl0851_ecoli_pgi_sub
24,25,TCAACGCACCGAGAATAGAA,BA000036.3:907947,+,45,,0,0,0,0,0.56,BA000036.3:907755-909378,Cgl0851_ecoli_pgi_sub
25,26,TTTGTACGAACACATCGTGA,BA000036.3:907920,-,40,,0,0,0,0,0.56,BA000036.3:907755-909378,Cgl0851_ecoli_pgi_sub
26,27,CGTCAAGCAGATTCTTCGAC,BA000036.3:909213,+,50,,0,0,0,0,0.55,BA000036.3:907755-909378,Cgl0851_ecoli_pgi_sub
27,28,TTCTTCCAGCTGATCCACCA,BA000036.3:908207,-,50,,0,0,0,0,0.54,BA000036.3:907755-909378,Cgl0851_ecoli_pgi_sub
28,29,ACTGACAGATCAGCTTCGGC,BA000036.3:909059,+,55,,0,0,0,0,0.52,BA000036.3:907755-909378,Cgl0851_ecoli_pgi_sub
29,30,GCCAGTGCCAGTGGAAACAG,BA000036.3:908272,+,60,,0,0,0,0,0.51,BA000036.3:907755-909378,Cgl0851_ecoli_pgi_sub
30,31,TTACCTCCAGCAGCTGACCA,BA000036.3:908328,-,55,,0,0,0,0,0.51,BA000036.3:907755-909378,Cgl0851_ecoli_pgi_sub
31,32,CAACGCACCGAGAATAGAAG,BA000036.3:907948,+,50,,0,0,0,0,0.47,BA000036.3:907755-909378,Cgl0851_ecoli_pgi_sub
32,33,CTTTCCCTCATGGCAGTGAT,BA000036.3:908534,-,50,,0,0,0,0,0.46,BA000036.3:907755-909378,Cgl0851_ecoli_pgi_sub
33,34,GGTATCGGTGGCTCTGACCT,BA000036.3:908909,-,60,,0,0,0,0,0.45,BA000036.3:907755-909378,Cgl0851_ecoli_pgi_sub
34,35,TCGTAGCCATGGCTGGTCCG,BA000036.3:908892,+,65,,0,0,0,0,0.45,BA000036.3:907755-909378,Cgl0851_ecoli_pgi_sub
35,36,CATCAACTCCTTCGACCAAT,BA000036.3:907878,-,45,,0,0,0,0,0.44,BA000036.3:907755-909378,Cgl0851_ecoli_pgi_sub
36,37,TCCTCTTCACCAGAGACAGC,BA000036.3:907817,+,55,,0,0,0,0,0.44,BA000036.3:907755-909378,Cgl0851_ecoli_pgi_sub
37,38,GCTGCGCTCAGGCAACTGGT,BA000036.3:908970,-,65,,0,0,0,0,0.43,BA000036.3:907755-909378,Cgl0851_ecoli_pgi_sub
38,39,AAGTTCCTCCGCCAAAATGG,BA000036.3:907972,+,50,,0,0,0,0,0.42,BA000036.3:907755-909378,Cgl0851_ecoli_pgi_sub
39,40,GGCAAGTCAGTCCACCGCGA,BA000036.3:908297,-,65,,0,0,0,0,0.42,BA000036.3:907755-909378,Cgl0851_ecoli_pgi_sub
40,41,CTTGAAAAGTTCACGCAGAG,BA000036.3:909289,+,45,,0,0,0,0,0.4,BA000036.3:907755-909378,Cgl0851_ecoli_pgi_sub
41,42,ACCTGAGCTGGTCAACCACA,BA000036.3:908019,-,55,,0,0,0,0,0.4,BA000036.3:907755-909378,Cgl0851_ecoli_pgi_sub
42,43,GCGAAACCAATGAAATCAGC,BA000036.3:908171,+,45,,0,0,0,0,0.4,BA000036.3:907755-909378,Cgl0851_ecoli_pgi_sub
43,44,TTCCTCCGCCAAAATGGTGG,BA000036.3:907975,+,55,,0,0,0,0,0.4,BA000036.3:907755-909378,Cgl0851_ecoli_pgi_sub
44,45,ACACAGAAACGAGGTCTGCT,BA000036.3:908811,+,50,,0,0,0,0,0.39,BA000036.3:907755-909378,Cgl0851_ecoli_pgi_sub
45,46,TGCATGGTGCGCTCACCGGC,BA000036.3:908129,+,70,,0,0,0,0,0.39,BA000036.3:907755-909378,Cgl0851_ecoli_pgi_sub
46,47,GGTCGGAGGTCGTTACTCCG,BA000036.3:908571,-,65,,0,0,0,0,0.39,BA000036.3:907755-909378,Cgl0851_ecoli_pgi_sub
47,48,CAGTGCAAGGAGCTTGGTGA,BA000036.3:909184,+,55,,0,0,0,0,0.39,BA000036.3:907755-909378,Cgl0851_ecoli_pgi_sub
48,49,GGTTTCTGCACCATAGAAAT,BA000036.3:908395,+,40,,0,0,0,0,0.37,BA000036.3:907755-909378,Cgl0851_ecoli_pgi_sub
49,50,AACGTTCTCTTCGAACTTGG,BA000036.3:908452,+,45,,0,0,0,0,0.37,BA000036.3:907755-909378,Cgl0851_ecoli_pgi_sub
50,51,AGAGAACGTTCCAATCTTGA,BA000036.3:908439,-,40,,0,0,0,0,0.36,BA000036.3:907755-909378,Cgl0851_ecoli_pgi_sub
51,52,TGAGATCCTCGGAATAAGGT,BA000036.3:908364,+,45,,0,0,0,0,0.35,BA000036.3:907755-909378,Cgl0851_ecoli_pgi_sub
52,53,GGTAAGTTCCTCCGCCAAAA,BA000036.3:907969,+,50,,0,0,0,0,0.35,BA000036.3:907755-909378,Cgl0851_ecoli_pgi_sub
53,54,GCTGATGTCCACGAAGTTTT,BA000036.3:909017,-,45,,0,0,0,0,0.34,BA000036.3:907755-909378,Cgl0851_ecoli_pgi_sub
54,55,ACGCAGAGCCTTCGTAGCCA,BA000036.3:908881,+,60,,0,0,0,0,0.33,BA000036.3:907755-909378,Cgl0851_ecoli_pgi_sub
55,56,AAGATCGTCAACATTGGTAT,BA000036.3:908924,-,35,,0,0,0,0,0.33,BA000036.3:907755-909378,Cgl0851_ecoli_pgi_sub
56,57,TCGCGTCAATGCGTTCGCGA,BA000036.3:909147,+,60,,0,0,0,0,0.33,BA000036.3:907755-909378,Cgl0851_ecoli_pgi_sub
57,58,AACCACCACCATTTTGGCGG,BA000036.3:907977,-,55,,0,0,0,0,0.33,BA000036.3:907755-909378,Cgl0851_ecoli_pgi_sub
58,59,CAGCTGACCATGGAATCAAA,BA000036.3:908318,-,45,,0,0,0,0,0.28,BA000036.3:907755-909378,Cgl0851_ecoli_pgi_sub
59,60,GGTGAAGAGGATGTTGACTC,BA000036.3:907805,-,50,,0,0,0,0,0.28,BA000036.3:907755-909378,Cgl0851_ecoli_pgi_sub
60,61,ATCTACTGACAGATCAGCTT,BA000036.3:909055,+,40,,0,0,0,0,0.28,BA000036.3:907755-909378,Cgl0851_ecoli_pgi_sub
61,62,TCAGCTGGAAGAAAGCGTGC,BA000036.3:908217,+,55,,0,0,0,0,0.27,BA000036.3:907755-909378,Cgl0851_ecoli_pgi_sub
62,63,TTCGGCAGGAAGGCGCAGCG,BA000036.3:909073,+,70,,0,0,0,0,0.26,BA000036.3:907755-909378,Cgl0851_ecoli_pgi_sub
63,64,GAGGGCCGATCACTGCCATG,BA000036.3:908529,+,65,,0,0,0,0,0.26,BA000036.3:907755-909378,Cgl0851_ecoli_pgi_sub
64,65,CGCAGAGTTCGGTATCGACA,BA000036.3:908619,-,55,,0,0,0,0,0.26,BA000036.3:907755-909378,Cgl0851_ecoli_pgi_sub
65,66,CGCGACTTCATGCGTTTCCT,BA000036.3:908507,-,55,,0,0,0,0,0.25,BA000036.3:907755-909378,Cgl0851_ecoli_pgi_sub
66,67,CGAAGCGATCACGAACAATG,BA000036.3:908767,+,50,,0,0,0,0,0.25,BA000036.3:907755-909378,Cgl0851_ecoli_pgi_sub
67,68,GACTTCATGCGTTTCCTCGG,BA000036.3:908504,-,55,,0,0,0,0,0.25,BA000036.3:907755-909378,Cgl0851_ecoli_pgi_sub
68,69,CAGGTCTTGCCAAACCTGGG,BA000036.3:909340,+,60,,0,0,0,0,0.25,BA000036.3:907755-909378,Cgl0851_ecoli_pgi_sub
69,70,CGGAATAAGGTAGGACAGCG,BA000036.3:908373,+,55,,0,0,0,0,0.24,BA000036.3:907755-909378,Cgl0851_ecoli_pgi_sub
70,71,GTTGGACAGCGTCTCCTGGG,BA000036.3:908734,+,65,,0,0,0,0,0.24,BA000036.3:907755-909378,Cgl0851_ecoli_pgi_sub
71,72,TCTTCGACAGGTCGACGTGG,BA000036.3:909225,+,60,,0,0,0,0,0.24,BA000036.3:907755-909378,Cgl0851_ecoli_pgi_sub
72,73,GATCTTCTTGATCGTGTGGC,BA000036.3:908941,+,50,,0,0,0,0,0.23,BA000036.3:907755-909378,Cgl0851_ecoli_pgi_sub
73,74,GGAATAAGGTAGGACAGCGT,BA000036.3:908374,+,50,,0,0,0,0,0.23,BA000036.3:907755-909378,Cgl0851_ecoli_pgi_sub
74,75,AAGACCAACTGCGGAGTCCA,BA000036.3:908554,+,55,,0,0,0,0,0.22,BA000036.3:907755-909378,Cgl0851_ecoli_pgi_sub
75,76,TTTCTTCCAGCTGATCCACC,BA000036.3:908208,-,50,,0,0,0,0,0.22,BA000036.3:907755-909378,Cgl0851_ecoli_pgi_sub
76,77,GCTGAAAAGGTCGCAGAGTT,BA000036.3:908630,-,50,,0,0,0,0,0.21,BA000036.3:907755-909378,Cgl0851_ecoli_pgi_sub
77,78,GCTCATCAAAAGGTCATGCA,BA000036.3:908113,+,45,,0,0,0,0,0.21,BA000036.3:907755-909378,Cgl0851_ecoli_pgi_sub
78,79,ATAGGTAGTCGCTTGCTTAT,BA000036.3:907741,-,40,,0,0,0,0,0.2,BA000036.3:907755-909378,Cgl0851_ecoli_pgi_sub
79,80,CACCAGAGACAGCCGGAGCG,BA000036.3:907824,+,70,,0,0,0,0,0.2,BA000036.3:907755-909378,Cgl0851_ecoli_pgi_sub
80,81,AGCACGAGCTGCACGAGCGT,BA000036.3:908716,+,65,,0,0,0,0,0.2,BA000036.3:907755-909378,Cgl0851_ecoli_pgi_sub
81,82,CTGGAAGTTTGAGTAATGAT,BA000036.3:909316,+,35,,0,0,0,0,0.19,BA000036.3:907755-909378,Cgl0851_ecoli_pgi_sub
82,83,ATCGACACGGACAACATGTT,BA000036.3:908606,-,45,,0,0,0,0,0.19,BA000036.3:907755-909378,Cgl0851_ecoli_pgi_sub
83,84,ACATCAACTCCTTCGACCAA,BA000036.3:907879,-,45,,0,0,0,0,0.18,BA000036.3:907755-909378,Cgl0851_ecoli_pgi_sub
84,85,GTTCACGCAGAGTGGTTGCC,BA000036.3:909297,+,60,,0,0,0,0,0.18,BA000036.3:907755-909378,Cgl0851_ecoli_pgi_sub
85,86,GAACAAGGCGAGTGCCCTGG,BA000036.3:908193,+,65,,0,0,0,0,0.18,BA000036.3:907755-909378,Cgl0851_ecoli_pgi_sub
86,87,TCTCTTCGAACTTGGTGGTG,BA000036.3:908457,+,50,,0,0,0,0,0.18,BA000036.3:907755-909378,Cgl0851_ecoli_pgi_sub
87,88,AGAGCCTTCGTAGCCATGGC,BA000036.3:908885,+,60,,0,0,0,0,0.18,BA000036.3:907755-909378,Cgl0851_ecoli_pgi_sub
88,89,CTCTGACCTCGGACCAGCCA,BA000036.3:908898,-,65,,0,0,0,0,0.17,BA000036.3:907755-909378,Cgl0851_ecoli_pgi_sub
89,90,TTCGGCTTCTGGGACTGGGT,BA000036.3:908588,-,60,,0,0,0,0,0.16,BA000036.3:907755-909378,Cgl0851_ecoli_pgi_sub
90,91,ACAGATCAGCTTCGGCAGGA,BA000036.3:909063,+,55,,0,0,0,0,0.16,BA000036.3:907755-909378,Cgl0851_ecoli_pgi_sub
91,92,AGCGTTGGACAGCGTCTCCT,BA000036.3:908731,+,60,,0,0,0,0,0.16,BA000036.3:907755-909378,Cgl0851_ecoli_pgi_sub
92,93,TCGCTTGCTTATAGGGTCAG,BA000036.3:907733,-,50,,0,0,0,0,0.16,BA000036.3:907755-909378,Cgl0851_ecoli_pgi_sub
93,94,TGCCCAGTTCAACACCCCAT,BA000036.3:907863,+,55,,0,0,0,0,0.16,BA000036.3:907755-909378,Cgl0851_ecoli_pgi_sub
94,95,GATTACCTGGCATGACCTTG,BA000036.3:908004,+,50,,0,0,0,0,0.16,BA000036.3:907755-909378,Cgl0851_ecoli_pgi_sub
95,96,TGACGATCTTCTTGATCGTG,BA000036.3:908937,+,45,,0,0,0,0,0.15,BA000036.3:907755-909378,Cgl0851_ecoli_pgi_sub
96,97,CGCCAGTGCCAGTGGAAACA,BA000036.3:908271,+,60,,0,0,0,0,0.15,BA000036.3:907755-909378,Cgl0851_ecoli_pgi_sub
97,98,GGTAGAGAAGCTCGGTGAAG,BA000036.3:908688,-,55,,0,0,0,0,0.14,BA000036.3:907755-909378,Cgl0851_ecoli_pgi_sub
98,99,GTCATGCATGGTGCGCTCAC,BA000036.3:908125,+,60,,0,0,0,0,0.14,BA000036.3:907755-909378,Cgl0851_ecoli_pgi_sub
99,100,CTTACCGAAAGCCAAAACCT,BA000036.3:908074,+,45,,0,0,0,0,0.14,BA000036.3:907755-909378,Cgl0851_ecoli_pgi_sub
100,101,CCGAGCAGAGCCATCAAGAT,BA000036.3:908429,+,55,,0,0,0,0,0.14,BA000036.3:907755-909378,Cgl0851_ecoli_pgi_sub
101,102,ACGCTCGTGCAGCTCGTGCT,BA000036.3:908713,-,65,,0,0,0,0,0.13,BA000036.3:907755-909378,Cgl0851_ecoli_pgi_sub
102,103,AGCAGACCTCGTTTCTGTGT,BA000036.3:908808,-,50,,0,0,0,0,0.13,BA000036.3:907755-909378,Cgl0851_ecoli_pgi_sub
103,104,AGCAAAACGGCTGAGATCCT,BA000036.3:908353,+,50,,0,0,0,0,0.13,BA000036.3:907755-909378,Cgl0851_ecoli_pgi_sub
104,105,ACAATGTGGATTCTGCATCG,BA000036.3:908781,+,45,,0,0,0,0,0.13,BA000036.3:907755-909378,Cgl0851_ecoli_pgi_sub
105,106,CTTGTTCCAGCTGATTTCAT,BA000036.3:908177,-,40,,0,0,0,0,0.13,BA000036.3:907755-909378,Cgl0851_ecoli_pgi_sub
106,107,CGAAGAAGTTGCTCATCAAA,BA000036.3:908103,+,40,,0,0,0,0,0.12,BA000036.3:907755-909378,Cgl0851_ecoli_pgi_sub
107,108,ACATTTCGACCACCCAGGTT,BA000036.3:909349,-,50,,0,0,0,0,0.12,BA000036.3:907755-909378,Cgl0851_ecoli_pgi_sub
108,109,GGCAACTGGTTGGGACACAC,BA000036.3:908960,-,60,,0,0,0,0,0.12,BA000036.3:907755-909378,Cgl0851_ecoli_pgi_sub
109,110,CGGACCAGCCATGGCTACGA,BA000036.3:908889,-,65,,0,0,0,0,0.11,BA000036.3:907755-909378,Cgl0851_ecoli_pgi_sub
110,111,ATTCCATGGTCAGCTGCTGG,BA000036.3:908325,+,55,,0,0,0,0,0.11,BA000036.3:907755-909378,Cgl0851_ecoli_pgi_sub
111,112,TTCAACACCCCATTGGTCGA,BA000036.3:907870,+,50,,0,0,0,0,0.11,BA000036.3:907755-909378,Cgl0851_ecoli_pgi_sub
112,113,GAAGCTGATCTGTCAGTAGA,BA000036.3:909053,-,45,,0,0,0,0,0.11,BA000036.3:907755-909378,Cgl0851_ecoli_pgi_sub
113,114,TCAGTGCAAGGAGCTTGGTG,BA000036.3:909183,+,55,,0,0,0,0,0.11,BA000036.3:907755-909378,Cgl0851_ecoli_pgi_sub
114,115,GAACACATCGTGATGGTTCA,BA000036.3:907913,-,45,,0,0,0,0,0.11,BA000036.3:907755-909378,Cgl0851_ecoli_pgi_sub
115,116,TTCGAAAACTTTCACCACCC,BA000036.3:908748,-,45,,0,0,0,0,0.11,BA000036.3:907755-909378,Cgl0851_ecoli_pgi_sub
116,117,GTCAACCACAAGGTCATGCC,BA000036.3:908009,-,55,,0,0,0,0,0.11,BA000036.3:907755-909378,Cgl0851_ecoli_pgi_sub
117,118,CAACTTCTTCGCACAGACCA,BA000036.3:908091,-,50,,0,0,0,0,0.11,BA000036.3:907755-909378,Cgl0851_ecoli_pgi_sub
118,119,TGGAAACAGGGGAGCCGTCG,BA000036.3:908283,+,65,,0,0,0,0,0.1,BA000036.3:907755-909378,Cgl0851_ecoli_pgi_sub
119,120,TGGTTTCGCTCGTCCAAAGC,BA000036.3:908157,-,55,,0,0,0,0,0.1,BA000036.3:907755-909378,Cgl0851_ecoli_pgi_sub
120,121,TACTCCGTGGACTCCGCAGT,BA000036.3:908558,-,60,,0,0,0,0,0.1,BA000036.3:907755-909378,Cgl0851_ecoli_pgi_sub
121,122,GAGGTCTGCTGGGTCGACGT,BA000036.3:908821,+,65,,0,0,0,0,0.1,BA000036.3:907755-909378,Cgl0851_ecoli_pgi_sub
122,123,GACGGCTCCCCTGTTTCCAC,BA000036.3:908279,-,65,,0,0,0,0,0.1,BA000036.3:907755-909378,Cgl0851_ecoli_pgi_sub
123,124,CCACTTAATCAGTGAATCAG,BA000036.3:907774,+,40,,0,0,0,0,0.09,BA000036.3:907755-909378,Cgl0851_ecoli_pgi_sub
124,125,GGCGGACATTTCGACCACCC,BA000036.3:909354,-,65,,0,0,0,0,0.09,BA000036.3:907755-909378,Cgl0851_ecoli_pgi_sub
125,126,CAGATTCTTCGGTCAGTGCA,BA000036.3:909171,+,50,,0,0,0,0,0.09,BA000036.3:907755-909378,Cgl0851_ecoli_pgi_sub
126,127,GAGTGCCCTGGTGGATCAGC,BA000036.3:908202,+,65,,0,0,0,0,0.09,BA000036.3:907755-909378,Cgl0851_ecoli_pgi_sub
127,128,CAATAAAGGAGTTTTCATGG,BA000036.3:909372,-,35,,0,0,0,0,0.09,BA000036.3:907755-909378,Cgl0851_ecoli_pgi_sub
128,129,ATCAACTCCTTCGACCAATG,BA000036.3:907877,-,45,,0,0,0,0,0.09,BA000036.3:907755-909378,Cgl0851_ecoli_pgi_sub
129,130,ATCAACGCACCGAGAATAGA,BA000036.3:907946,+,45,,0,0,0,0,0.09,BA000036.3:907755-909378,Cgl0851_ecoli_pgi_sub
130,131,GTCTGGTACTCCGATTTCTA,BA000036.3:908405,-,45,,0,0,0,0,0.08,BA000036.3:907755-909378,Cgl0851_ecoli_pgi_sub
131,132,TCCGGCTGTCTCTGGTGAAG,BA000036.3:907818,-,60,,0,0,0,0,0.08,BA000036.3:907755-909378,Cgl0851_ecoli_pgi_sub
132,133,AGTTTGAGTAATGATCGGTC,BA000036.3:909321,+,40,,0,0,0,0,0.08,BA000036.3:907755-909378,Cgl0851_ecoli_pgi_sub
133,134,CTGCGTGCATACGCGACCGC,BA000036.3:908864,-,70,,0,0,0,0,0.08,BA000036.3:907755-909378,Cgl0851_ecoli_pgi_sub
134,135,ATCGTCAACATTGGTATCGG,BA000036.3:908921,-,45,,0,0,0,0,0.08,BA000036.3:907755-909378,Cgl0851_ecoli_pgi_sub
135,136,CGATCATTACTCAAACTTCC,BA000036.3:909315,-,40,,0,0,0,0,0.08,BA000036.3:907755-909378,Cgl0851_ecoli_pgi_sub
136,137,TGATGGTTCAGGGCGTGATT,BA000036.3:907903,-,50,,0,0,0,0,0.07,BA000036.3:907755-909378,Cgl0851_ecoli_pgi_sub
137,138,CTTGCACTGACCGAAGAATC,BA000036.3:909170,-,50,,0,0,0,0,0.07,BA000036.3:907755-909378,Cgl0851_ecoli_pgi_sub
138,139,GTCGCTTGCTTATAGGGTCA,BA000036.3:907734,-,50,,0,0,0,0,0.07,BA000036.3:907755-909378,Cgl0851_ecoli_pgi_sub
139,140,CCGGCAGGAAGATCCTGCTT,BA000036.3:908144,+,60,,0,0,0,0,0.07,BA000036.3:907755-909378,Cgl0851_ecoli_pgi_sub
140,141,TGACTTGCCATTTGATTCCA,BA000036.3:908311,+,40,,0,0,0,0,0.07,BA000036.3:907755-909378,Cgl0851_ecoli_pgi_sub
141,142,AAACAGGGGAGCCGTCGCGG,BA000036.3:908286,+,70,,0,0,0,0,0.06,BA000036.3:907755-909378,Cgl0851_ecoli_pgi_sub
142,143,TCGCCAGTGCCAGTGGAAAC,BA000036.3:908270,+,60,,0,0,0,0,0.06,BA000036.3:907755-909378,Cgl0851_ecoli_pgi_sub
143,144,GCGTGCTGGCCATTTGTGCC,BA000036.3:908231,+,65,,0,0,0,0,0.06,BA000036.3:907755-909378,Cgl0851_ecoli_pgi_sub
144,145,TGGTGAAGAGGATGTTGACT,BA000036.3:907806,-,45,,0,0,0,0,0.06,BA000036.3:907755-909378,Cgl0851_ecoli_pgi_sub
145,146,TGATGGCTCTGCTCGGTGTC,BA000036.3:908422,-,60,,0,0,0,0,0.06,BA000036.3:907755-909378,Cgl0851_ecoli_pgi_sub
146,147,CTCTGCGACCTTTTCAGCAT,BA000036.3:908635,+,50,,0,0,0,0,0.06,BA000036.3:907755-909378,Cgl0851_ecoli_pgi_sub
147,148,TTGATTCCATGGTCAGCTGC,BA000036.3:908322,+,50,,0,0,0,0,0.06,BA000036.3:907755-909378,Cgl0851_ecoli_pgi_sub
148,149,GGAAGGTGTCGCACCTGAGC,BA000036.3:908031,-,65,,0,0,0,0,0.05,BA000036.3:907755-909378,Cgl0851_ecoli_pgi_sub
149,150,TGGCACTGGCGAAATTTACT,BA000036.3:908259,-,45,,0,0,0,0,0.05,BA000036.3:907755-909378,Cgl0851_ecoli_pgi_sub
150,151,CGCATTGACGCGATGTTTGC,BA000036.3:909137,-,55,,0,0,0,0,0.05,BA000036.3:907755-909378,Cgl0851_ecoli_pgi_sub
151,152,TTCGCGAAGGCCAGATTCTT,BA000036.3:909160,+,50,,0,0,0,0,0.05,BA000036.3:907755-909378,Cgl0851_ecoli_pgi_sub
152,153,GAAGGCGCAGCGCGGTGTGG,BA000036.3:909081,+,75,,0,0,0,0,0.05,BA000036.3:907755-909378,Cgl0851_ecoli_pgi_sub
153,154,CACTCTGCGTGAACTTTTCA,BA000036.3:909288,-,45,,0,0,0,0,0.05,BA000036.3:907755-909378,Cgl0851_ecoli_pgi_sub
154,155,TGCGACCTTTTCAGCATTGG,BA000036.3:908638,+,50,,0,0,0,0,0.05,BA000036.3:907755-909378,Cgl0851_ecoli_pgi_sub
155,156,TGCAAGGAGCTTGGTGAGGG,BA000036.3:909187,+,60,,0,0,0,0,0.05,BA000036.3:907755-909378,Cgl0851_ecoli_pgi_sub
156,157,TCCCCTGTTTCCACTGGCAC,BA000036.3:908273,-,60,,0,0,0,0,0.05,BA000036.3:907755-909378,Cgl0851_ecoli_pgi_sub
157,158,AGTCGCTTGCTTATAGGGTC,BA000036.3:907735,-,50,,0,0,0,0,0.04,BA000036.3:907755-909378,Cgl0851_ecoli_pgi_sub
158,159,AGTGTCCACCAATGCTGAAA,BA000036.3:908643,-,45,,0,0,0,0,0.04,BA000036.3:907755-909378,Cgl0851_ecoli_pgi_sub
159,160,AGGGCCGATCACTGCCATGA,BA000036.3:908530,+,60,,0,0,0,0,0.04,BA000036.3:907755-909378,Cgl0851_ecoli_pgi_sub
160,161,CGGCTGAGATCCTCGGAATA,BA000036.3:908360,+,55,,0,0,0,0,0.04,BA000036.3:907755-909378,Cgl0851_ecoli_pgi_sub
161,162,TTCGGTCAGTGCAAGGAGCT,BA000036.3:909178,+,55,,0,0,0,0,0.04,BA000036.3:907755-909378,Cgl0851_ecoli_pgi_sub
162,163,TGCTGATGTCCACGAAGTTT,BA000036.3:909018,-,45,,0,0,0,0,0.04,BA000036.3:907755-909378,Cgl0851_ecoli_pgi_sub
163,164,CTGCGCTCAGGCAACTGGTT,BA000036.3:908969,-,60,,0,0,0,0,0.04,BA000036.3:907755-909378,Cgl0851_ecoli_pgi_sub
164,165,AAGTACACCTTCTCCGCGGC,BA000036.3:909248,-,60,,0,0,0,0,0.04,BA000036.3:907755-909378,Cgl0851_ecoli_pgi_sub
165,166,TCGTGCAGCTCGTGCTTGGC,BA000036.3:908709,-,65,,0,0,0,0,0.04,BA000036.3:907755-909378,Cgl0851_ecoli_pgi_sub
166,167,CGCGGAGAAGGTGTACTTCT,BA000036.3:909253,+,55,,0,0,0,0,0.04,BA000036.3:907755-909378,Cgl0851_ecoli_pgi_sub
167,168,TCCGCCAAAATGGTGGTGGT,BA000036.3:907979,+,55,,0,0,0,0,0.04,BA000036.3:907755-909378,Cgl0851_ecoli_pgi_sub
168,169,TTCGCTACTGCGCTGCGCTC,BA000036.3:908981,-,65,,0,0,0,0,0.03,BA000036.3:907755-909378,Cgl0851_ecoli_pgi_sub
169,170,GAAATTTACTGGGGTGAGCC,BA000036.3:908249,-,50,,0,0,0,0,0.03,BA000036.3:907755-909378,Cgl0851_ecoli_pgi_sub
170,171,CTGCGCTGCGCTCAGGCAAC,BA000036.3:908974,-,70,,0,0,0,0,0.03,BA000036.3:907755-909378,Cgl0851_ecoli_pgi_sub
171,172,GAACTTACCCCTTCTATTCT,BA000036.3:907955,-,40,,0,0,0,0,0.03,BA000036.3:907755-909378,Cgl0851_ecoli_pgi_sub
172,173,CAATGAAATCAGCTGGAACA,BA000036.3:908178,+,40,,0,0,0,0,0.03,BA000036.3:907755-909378,Cgl0851_ecoli_pgi_sub
173,174,CAGACCAAGGTTTTGGCTTT,BA000036.3:908078,-,45,,0,0,0,0,0.03,BA000036.3:907755-909378,Cgl0851_ecoli_pgi_sub
174,175,GACCAATGGGGTGTTGAACT,BA000036.3:907865,-,50,,0,0,0,0,0.03,BA000036.3:907755-909378,Cgl0851_ecoli_pgi_sub
175,176,CTGGCACTGGCGAAATTTAC,BA000036.3:908260,-,50,,0,0,0,0,0.03,BA000036.3:907755-909378,Cgl0851_ecoli_pgi_sub
176,177,CTGGAACAAGGCGAGTGCCC,BA000036.3:908190,+,65,,0,0,0,0,0.03,BA000036.3:907755-909378,Cgl0851_ecoli_pgi_sub
177,178,GTGGAGGACAGCGCGGTCTT,BA000036.3:909097,+,65,,0,0,0,0,0.03,BA000036.3:907755-909378,Cgl0851_ecoli_pgi_sub
178,179,ACATGTTCGGCTTCTGGGAC,BA000036.3:908593,-,55,,0,0,0,0,0.03,BA000036.3:907755-909378,Cgl0851_ecoli_pgi_sub
179,180,GGACAACATGTTCGGCTTCT,BA000036.3:908598,-,50,,0,0,0,0,0.02,BA000036.3:907755-909378,Cgl0851_ecoli_pgi_sub
180,181,AACACAGAAACGAGGTCTGC,BA000036.3:908810,+,50,,0,0,0,0,0.02,BA000036.3:907755-909378,Cgl0851_ecoli_pgi_sub
181,182,TAGGTAGTCGCTTGCTTATA,BA000036.3:907740,-,40,,0,0,0,0,0.02,BA000036.3:907755-909378,Cgl0851_ecoli_pgi_sub
182,183,TGGAACGTTCTCTTCGAACT,BA000036.3:908449,+,45,,0,0,0,0,0.02,BA000036.3:907755-909378,Cgl0851_ecoli_pgi_sub
183,184,TCGCCCAACCACCACCATTT,BA000036.3:907983,-,55,,0,0,0,0,0.02,BA000036.3:907755-909378,Cgl0851_ecoli_pgi_sub
184,185,TGGGGTGAGCCTGGCACAAA,BA000036.3:908240,-,60,,0,0,0,0,0.02,BA000036.3:907755-909378,Cgl0851_ecoli_pgi_sub
185,186,CGCAGTTGGTCTTTCCCTCA,BA000036.3:908544,-,55,,0,0,0,0,0.02,BA000036.3:907755-909378,Cgl0851_ecoli_pgi_sub
186,187,ACCTTGTGGTTGACCAGCTC,BA000036.3:908018,+,55,,0,0,0,0,0.02,BA000036.3:907755-909378,Cgl0851_ecoli_pgi_sub
187,188,CAGGAAGGCGCAGCGCGGTG,BA000036.3:909078,+,75,,0,0,0,0,0.02,BA000036.3:907755-909378,Cgl0851_ecoli_pgi_sub
188,189,CGGTCAGGTCTTGCCAAACC,BA000036.3:909336,+,60,,0,0,0,0,0.02,BA000036.3:907755-909378,Cgl0851_ecoli_pgi_sub
189,190,GGCTTCTGGGACTGGGTCGG,BA000036.3:908585,-,70,,0,0,0,0,0.02,BA000036.3:907755-909378,Cgl0851_ecoli_pgi_sub
190,191,GACCTCGCTCCGGCTGTCTC,BA000036.3:907826,-,70,,0,0,0,0,0.02,BA000036.3:907755-909378,Cgl0851_ecoli_pgi_sub
191,192,CATGTTCGGCTTCTGGGACT,BA000036.3:908592,-,55,,0,0,0,0,0.02,BA000036.3:907755-909378,Cgl0851_ecoli_pgi_sub
192,193,CGACAATAAAGGAGTTTTCA,BA000036.3:909375,-,35,,0,0,0,0,0.02,BA000036.3:907755-909378,Cgl0851_ecoli_pgi_sub
193,194,CGCGGTCTTCGGTGTTGTTG,BA000036.3:909108,+,60,,0,0,0,0,0.01,BA000036.3:907755-909378,Cgl0851_ecoli_pgi_sub
194,195,GTGGAGGCCAGCCGCGGAGA,BA000036.3:909241,+,75,,0,0,0,0,0.01,BA000036.3:907755-909378,Cgl0851_ecoli_pgi_sub
195,196,CGAACACATCGTGATGGTTC,BA000036.3:907914,-,50,,0,0,0,0,0.01,BA000036.3:907755-909378,Cgl0851_ecoli_pgi_sub
196,197,CGACCAATGGGGTGTTGAAC,BA000036.3:907866,-,55,,0,0,0,0,0.01,BA000036.3:907755-909378,Cgl0851_ecoli_pgi_sub
197,198,CGGACAACATGTTCGGCTTC,BA000036.3:908599,-,55,,0,0,0,0,0.01,BA000036.3:907755-909378,Cgl0851_ecoli_pgi_sub
198,199,GAGCGTTGGACAGCGTCTCC,BA000036.3:908730,+,65,,0,0,0,0,0.0,BA000036.3:907755-909378,Cgl0851_ecoli_pgi_sub
199,200,CTTCGCACAGACCAAGGTTT,BA000036.3:908085,-,50,,0,0,0,1,0.28,BA000036.3:907755-909378,Cgl0851_ecoli_pgi_sub
200,201,GCTGAAGAGATCGCTGCGGA,BA000036.3:908048,-,60,,0,0,0,1,0.21,BA000036.3:907755-909378,Cgl0851_ecoli_pgi_sub
201,202,ATCAAGAAGATCGTCAACAT,BA000036.3:908930,-,35,,0,0,0,1,0.12,BA000036.3:907755-909378,Cgl0851_ecoli_pgi_sub
202,203,GATGGTTCAGGGCGTGATTT,BA000036.3:907902,-,50,,0,0,0,1,0.1,BA000036.3:907755-909378,Cgl0851_ecoli_pgi_sub
203,204,GGACATCAGCAGCAACATCT,BA000036.3:909030,+,50,,0,0,0,1,0.09,BA000036.3:907755-909378,Cgl0851_ecoli_pgi_sub
204,205,GTGGTGGTTGGGCGATTACC,BA000036.3:907991,+,60,,0,0,0,1,0.05,BA000036.3:907755-909378,Cgl0851_ecoli_pgi_sub
205,206,CCGCCAAAATGGTGGTGGTT,BA000036.3:907980,+,55,,0,0,1,0,0.02,BA000036.3:907755-909378,Cgl0851_ecoli_pgi_sub
206,207,TGTTGAACTGGGCAAACAGC,BA000036.3:907854,-,50,,0,0,0,2,0.38,BA000036.3:907755-909378,Cgl0851_ecoli_pgi_sub
